,location,side_a,side_b,territory_name,start_date,start_date2,region,type_of_conflict,S&P_500,NASDAQ,Dow_Jones
0,India,Government of India,GNLA,Garoland,1997-05-29,2012-11-15,3,3,1359.88,2853.13,12588.31
1,India,Government of India,GNLA,Garoland,1997-05-29,2014-07-01,3,3,1985.44,4485.93,17068.26
6,Sudan,Government of Sudan,Republic of South Sudan,Abyei,2011-05-01,2011-05-19,4,3,1333.27,2803.32,12512.04
7,South Sudan,Government of South Sudan,"SSDM/A, SSLM/A",,2011-08-20,2011-08-20,4,3,1123.53,2341.84,10817.65
8,South Sudan,Government of South Sudan,SSLM/A,,2011-08-20,2011-08-20,4,3,1123.53,2341.84,10817.65
9,South Sudan,Government of South Sudan,"SPLM/A - IO, SSDM/A - Cobra Faction",,2011-08-20,2011-08-20,4,3,1123.53,2341.84,10817.65
10,"Tanzania, Uganda",Government of Tanzania,Government of Uganda,Kagera Salient,1978-11-11,1978-11-15,4,2,94.42,113.69,797.73
11,"Afghanistan, Russia (Soviet Union)",Government of Afghanistan,Government of Russia (Soviet Union),,1979-12-27,1979-12-27,"1, 3",2,107.84,150.83,838.91
12,South Sudan,Government of South Sudan,SPLM/A - IO,,2011-08-20,2011-08-20,4,3,1123.53,2341.84,10817.65
13,South Sudan,Government of South Sudan,SPLM/A - IO,,2011-08-20,2011-08-20,4,3,1123.53,2341.84,10817.65
14,South Sudan,Government of South Sudan,SPLM/A - IO,,2011-08-20,2011-08-20,4,3,1123.53,2341.84,10817.65
15,South Sudan,Government of South Sudan,NAS,,2011-08-20,2011-08-20,4,3,1123.53,2341.84,10817.65
16,South Sudan,Government of South Sudan,NAS,,2011-08-20,2011-08-20,4,3,1123.53,2341.84,10817.65
17,Gambia,Government of Gambia,NRC,,1981-07-30,1981-07-30,4,4,130.92,211.63,952.34
18,Libya,Government of Libya,ASL,,2011-02-28,2013-11-29,4,3,1805.81,4059.89,16086.41
19,Libya,Government of Libya,"Forces of the House of Representatives, Zintan Military Council",,2011-02-28,2013-11-29,4,3,1805.81,4059.89,16086.41
20,Libya,Government of Libya,Forces of the House of Representatives,,2011-02-28,2013-11-29,4,3,1805.81,4059.89,16086.41
21,Libya,Government of Libya,"Forces of Khalifa al-Ghawil, Forces of the House of Representatives, PFLL",,2011-02-28,2017-05-18,4,3,2381.73,6083.7,20804.84
22,Somalia,Government of Somalia,ARS/UIC,,1982-01-18,2006-10-24,4,4,1377.34,2350.62,12090.26
23,Somalia,Government of Somalia,ARS/UIC,,1982-01-18,2006-10-24,4,4,1377.34,2350.62,12090.26
24,Mali,Government of Mali,AQIM,,2009-06-10,2009-06-16,4,3,921.23,1827.47,8539.73
25,Mali,Government of Mali,"Ansar Dine, Military faction (Red Berets)",,2009-06-10,2012-01-24,4,3,1316.33,2816.55,12660.46
26,Somalia,Government of Somalia,"Al-Shabaab, ARS/UIC",,1982-01-18,2006-10-24,4,4,1377.34,2350.62,12090.26
27,Somalia,Government of Somalia,"Al-Shabaab, Hizbul Islam",,1982-01-18,2006-10-24,4,4,1377.34,2350.62,12090.26
28,Somalia,Government of Somalia,"Al-Shabaab, Hizbul Islam",,1982-01-18,2006-10-24,4,4,1377.34,2350.62,12090.26
29,Somalia,Government of Somalia,Al-Shabaab,,1982-01-18,2006-10-24,4,4,1377.34,2350.62,12090.26
30,Somalia,Government of Somalia,Al-Shabaab,,1982-01-18,2006-10-24,4,4,1377.34,2350.62,12090.26
31,Somalia,Government of Somalia,Al-Shabaab,,1982-01-18,2006-10-24,4,4,1377.34,2350.62,12090.26
32,Somalia,Government of Somalia,Al-Shabaab,,1982-01-18,2006-10-24,4,4,1377.34,2350.62,12090.26
33,Somalia,Government of Somalia,Al-Shabaab,,1982-01-18,2006-10-24,4,4,1377.34,2350.62,12090.26
34,Somalia,Government of Somalia,Al-Shabaab,,1982-01-18,2006-10-24,4,4,1377.34,2350.62,12090.26
35,China,Government of China,ETIM,East Turkestan,1990-04-05,2008-08-10,3,3,1296.31,2414.1,11734.32
36,Bangladesh,Government of Bangladesh,"PBCP, PBCP-J",,1994-04-24,2005-02-08,3,3,1205.3,2076.66,10796.01
37,Bangladesh,Government of Bangladesh,PBCP-J,,1994-04-24,2005-02-08,3,3,1205.3,2076.66,10796.01
38,Ethiopia,Government of Ethiopia,IGLF,Hararghe,1991-10-10,1991-10-10,4,3,381.45,519.05,2983.68
39,Myanmar (Burma),Government of Myanmar (Burma),NSCN-K,Nagaland,1991-12-31,1991-12-31,3,3,419.34,592.65,3201.48
40,Myanmar (Burma),Government of Myanmar (Burma),NSCN-K,Nagaland,1991-12-31,1995-04-17,3,3,508.49,823.44,4270.09
41,Myanmar (Burma),Government of Myanmar (Burma),NSCN-K,Nagaland,1991-12-31,2000-02-28,3,3,1333.36,4590.5,9862.12
42,Myanmar (Burma),Government of Myanmar (Burma),NSCN-K,Nagaland,1991-12-31,2000-02-28,3,3,1333.36,4590.5,9862.12
43,Myanmar (Burma),Government of Myanmar (Burma),NSCN-K,Nagaland,1991-12-31,2005-01-31,3,3,1171.36,2035.83,10427.2
44,Myanmar (Burma),Government of Myanmar (Burma),NSCN-K,Nagaland,1991-12-31,2005-01-31,3,3,1171.36,2035.83,10427.2
45,Myanmar (Burma),Government of Myanmar (Burma),NSCN-K,Nagaland,1991-12-31,2005-01-31,3,3,1171.36,2035.83,10427.2
46,Malaysia,Government of Malaysia,Sultanate of Sulu,Sabah,2013-03-01,2013-03-02,3,3,1518.2,3169.74,14089.66
49,Syria,Government of Syria,PYD,Rojava Kurdistan,2011-09-10,2012-09-07,2,3,1437.92,3136.42,13306.64
50,Syria,Government of Syria,PYD,Rojava Kurdistan,2011-09-10,2012-09-07,2,3,1437.92,3136.42,13306.64
51,Syria,Government of Syria,PYD,Rojava Kurdistan,2011-09-10,2012-09-07,2,3,1437.92,3136.42,13306.64
52,Syria,Government of Syria,PYD,Rojava Kurdistan,2011-09-10,2012-09-07,2,3,1437.92,3136.42,13306.64
53,Ukraine,Government of Ukraine,Maidan,,2014-01-22,2014-02-18,1,3,1836.25,4263.41,16103.3
54,Somalia,Government of Somalia,Al-Shabaab,,1982-01-18,2006-10-24,4,4,1377.34,2350.62,12090.26
55,Somalia,Government of Somalia,Al-Shabaab,,1982-01-18,2006-10-24,4,4,1377.34,2350.62,12090.26
56,Somalia,Government of Somalia,Al-Shabaab,,1982-01-18,2006-10-24,4,4,1377.34,2350.62,12090.26
57,Somalia,Government of Somalia,Al-Shabaab,,1982-01-18,2006-10-24,4,4,1377.34,2350.62,12090.26
58,"Argentina, United Kingdom",Government of Argentina,Government of United Kingdom,Malvinas/Falkland Islands,1982-04-02,1982-05-02,"1, 5",2,116.44,184.7,848.36
59,"Laos, Thailand",Government of Laos,Government of Thailand,Common Border,1982-06-16,1986-12-31,3,2,246.45,353.2,1927.31
60,"Laos, Thailand",Government of Laos,Government of Thailand,Common Border,1982-06-16,1986-12-31,3,2,246.45,353.2,1927.31
61,"Laos, Thailand",Government of Laos,Government of Thailand,Common Border,1982-06-16,1986-12-31,3,2,246.45,353.2,1927.31
62,"Chad, Nigeria",Government of Chad,Government of Nigeria,Lake Chad,1983-04-18,1983-04-24,4,2,160.42,288.55,1196.3
63,Russia (Soviet Union),Government of Russia (Soviet Union),IS,Islamic State,2015-03-21,2015-08-01,1,3,2103.84,5128.28,17689.86
64,Russia (Soviet Union),Government of Russia (Soviet Union),IS,Islamic State,2015-03-21,2015-08-01,1,3,2103.84,5128.28,17689.86
65,Russia (Soviet Union),Government of Russia (Soviet Union),IS,Islamic State,2015-03-21,2015-08-01,1,3,2103.84,5128.28,17689.86
66,Russia (Soviet Union),Government of Russia (Soviet Union),IS,Islamic State,2015-03-21,2015-08-01,1,3,2103.84,5128.28,17689.86
67,Russia (Soviet Union),Government of Russia (Soviet Union),IS,Islamic State,2015-03-21,2015-08-01,1,3,2103.84,5128.28,17689.86
68,Russia (Soviet Union),Government of Russia (Soviet Union),IS,Islamic State,2015-03-21,2015-08-01,1,3,2103.84,5128.28,17689.86
69,Syria,Government of Syria,IS,Islamic State,2013-03-26,2013-07-25,2,3,1691.65,3613.16,15558.83
70,Syria,Government of Syria,IS,Islamic State,2013-03-26,2013-07-25,2,3,1691.65,3613.16,15558.83
71,"Grenada, United States of America",Government of Grenada,Government of United States of America,,1983-10-25,1983-10-25,5,2,163.37,276.14,1223.48
72,Algeria,Government of Algeria,AQIM,,1985-08-27,1991-12-09,4,4,379.1,536.3,2886.4
73,"Burkina Faso, Mali",Government of Burkina Faso,Government of Mali,Agacher Strip,1985-12-25,1985-12-26,4,2,209.61,322.8,1543.0
74,"Chad, Libya",Government of Chad,Government of Libya,Aozou strip,1987-08-08,1987-08-08,4,2,323.0,443.6,2592.0
75,Burkina Faso,Government of Burkina Faso,JNIM,,1987-10-15,2018-05-22,4,4,2446.3,6301.8857,21865.37
76,Burkina Faso,Government of Burkina Faso,JNIM,,1987-10-15,2018-05-22,4,4,2446.3,6301.8857,21865.37
77,Mali,Government of Mali,FLM,Macina Empire,2015-01-05,2015-06-27,4,3,2101.49,5080.51,17946.68
78,Burkina Faso,Government of Burkina Faso,JNIM,,1987-10-15,2018-05-22,4,4,2446.3,6301.8857,21865.37
79,"Panama, United States of America",Government of Panama,Government of United States of America,,1989-12-16,1989-12-23,5,2,347.42,444.6,2711.39
80,Pakistan,Government of Pakistan,TTP,,1990-02-11,2007-07-15,3,4,1552.5,2707.0,13907.25
81,Pakistan,Government of Pakistan,TTP,,1990-02-11,2007-07-15,3,4,1552.5,2707.0,13907.25
82,Pakistan,Government of Pakistan,TTP,,1990-02-11,2007-07-15,3,4,1552.5,2707.0,13907.25
83,Pakistan,Government of Pakistan,TTP,,1990-02-11,2007-07-15,3,4,1552.5,2707.0,13907.25
84,Mali,Government of Mali,CMA,Azawad,1990-06-28,2014-05-17,4,4,1877.86,4090.59,16491.31
85,Cameroon,Government of Cameroon,IS,Islamic State,2015-03-19,2015-08-11,4,3,2091.54,5048.24,17477.4
86,"Iraq, Kuwait",Government of Iraq,Government of Kuwait,Kuwait,1990-08-02,1990-08-02,2,2,344.86,417.5,2809.65
87,"Iraq, Kuwait",Government of Iraq,Government of Kuwait,Kuwait,1990-08-02,1990-08-02,2,2,344.86,417.5,2809.65
88,Rwanda,Government of Rwanda,FPR,,1990-10-01,1990-10-03,4,4,311.5,347.4,2510.64
89,Rwanda,Government of Rwanda,FDLR,,1990-10-01,2009-02-16,4,4,826.84,1534.36,7850.41
90,Rwanda,Government of Rwanda,FDLR,,1990-10-01,2009-02-16,4,4,826.84,1534.36,7850.41
91,Rwanda,Government of Rwanda,FDLR,,1990-10-01,2009-02-16,4,4,826.84,1534.36,7850.41
92,Rwanda,Government of Rwanda,FDLR,,1990-10-01,2009-02-16,4,4,826.84,1534.36,7850.41
93,Chad,Government of Chad,IS,Islamic State,2015-05-27,2015-05-27,4,3,2107.39,5070.03,18010.68
94,Chad,Government of Chad,IS,Islamic State,2015-05-27,2017-05-05,4,3,2399.29,6100.76,21006.94
95,Chad,Government of Chad,IS,Islamic State,2015-05-27,2017-05-05,4,3,2399.29,6100.76,21006.94
96,Chad,Government of Chad,IS,Islamic State,2015-05-27,2017-05-05,4,3,2399.29,6100.76,21006.94
97,Chad,Government of Chad,IS,Islamic State,2015-05-27,2017-05-05,4,3,2399.29,6100.76,21006.94
98,Rwanda,Government of Rwanda,FDLR,,1990-10-01,2016-03-29,4,4,2072.78,4914.54,17792.75
99,Rwanda,Government of Rwanda,FDLR,,1990-10-01,2018-12-15,4,4,2446.3,6301.8857,21865.37
100,Rwanda,Government of Rwanda,"CNRD, FDLR, FDLR-RUD",,1990-10-01,2018-12-15,4,4,2446.3,6301.8857,21865.37
101,Rwanda,Government of Rwanda,"CNRD, FDLR, FDLR-RUD",,1990-10-01,2018-12-15,4,4,2446.3,6301.8857,21865.37
102,Sierra Leone,Government of Sierra Leone,RUF,,1991-03-23,1991-04-01,4,4,375.36,495.79,2896.78
103,Sierra Leone,Government of Sierra Leone,RUF,,1991-03-23,1991-04-01,4,4,375.36,495.79,2896.78
104,Yemen (North Yemen),Government of Yemen (North Yemen),IS,Islamic State,2015-03-20,2015-03-20,2,3,2108.1,5026.42,18127.65
105,Yemen (North Yemen),Government of Yemen (North Yemen),IS,Islamic State,2015-03-20,2017-05-18,2,3,2381.73,6083.7,20804.84
106,Yemen (North Yemen),Government of Yemen (North Yemen),IS,Islamic State,2015-03-20,2020-08-20,2,3,2446.3,6301.8857,21865.37
107,Kenya,Government of Kenya,Al-Shabaab,Northeastern Province and Coast,2015-03-13,2015-07-13,4,3,2076.62,4997.7,17760.41
108,Kenya,Government of Kenya,Al-Shabaab,Northeastern Province and Coast,2015-03-13,2015-07-13,4,3,2076.62,4997.7,17760.41
109,Kenya,Government of Kenya,Al-Shabaab,Northeastern Province and Coast,2015-03-13,2015-07-13,4,3,2076.62,4997.7,17760.41
110,Kenya,Government of Kenya,Al-Shabaab,Northeastern Province and Coast,2015-03-13,2015-07-13,4,3,2076.62,4997.7,17760.41
111,Sierra Leone,Government of Sierra Leone,RUF,,1991-03-23,1991-04-01,4,4,375.36,495.79,2896.78
112,Sierra Leone,Government of Sierra Leone,RUF,,1991-03-23,1991-04-01,4,4,375.36,495.79,2896.78
113,Egypt,Government of Egypt,IS,Islamic State,2014-11-16,2015-01-29,2,3,1994.99,4635.24,17164.95
114,Egypt,Government of Egypt,IS,Islamic State,2014-11-16,2015-01-29,2,3,1994.99,4635.24,17164.95
115,Egypt,Government of Egypt,IS,Islamic State,2014-11-16,2015-01-29,2,3,1994.99,4635.24,17164.95
116,Egypt,Government of Egypt,IS,Islamic State,2014-11-16,2015-01-29,2,3,1994.99,4635.24,17164.95
117,Egypt,Government of Egypt,IS,Islamic State,2014-11-16,2015-01-29,2,3,1994.99,4635.24,17164.95
118,Egypt,Government of Egypt,IS,Islamic State,2014-11-16,2015-01-29,2,3,1994.99,4635.24,17164.95
119,India,Government of India,UNLFW,Western South East Asia,2015-04-19,2015-06-04,3,3,2092.83,5068.46,17849.46
120,India,Government of India,UNLFW,Western South East Asia,2015-04-19,2015-06-04,3,3,2092.83,5068.46,17849.46
121,India,Government of India,UNLFW,Western South East Asia,2015-04-19,2015-06-04,3,3,2092.83,5068.46,17849.46
122,India,Government of India,UNLFW,Western South East Asia,2015-04-19,2015-06-04,3,3,2092.83,5068.46,17849.46
123,Bangladesh,Government of Bangladesh,IS,Islamic State,2015-11-04,2016-08-29,3,3,2169.04,5218.92,18395.4
124,Bangladesh,Government of Bangladesh,IS,Islamic State,2015-11-04,2016-08-29,3,3,2169.04,5218.92,18395.4
125,Lebanon,Government of Lebanon,IS,Islamic State,2014-06-25,2014-08-03,2,3,1925.15,4352.64,16493.37
126,Lebanon,Government of Lebanon,IS,Islamic State,2014-06-25,2014-08-03,2,3,1925.15,4352.64,16493.37
127,Lebanon,Government of Lebanon,IS,Islamic State,2014-06-25,2017-08-19,2,3,2425.55,6216.53,21674.51
128,Sierra Leone,Government of Sierra Leone,RUF,,1991-03-23,1991-04-01,4,4,375.36,495.79,2896.78
129,Libya,Government of Libya,IS,Islamic State,2015-03-14,2015-03-18,4,3,2108.1,5026.42,18127.65
130,Sierra Leone,Government of Sierra Leone,RUF,,1991-03-23,1991-04-01,4,4,375.36,495.79,2896.78
131,Sierra Leone,Government of Sierra Leone,"AFRC, Kamajors, RUF",,1991-03-23,1991-04-01,4,4,375.36,495.79,2896.78
132,Sierra Leone,Government of Sierra Leone,"AFRC, Kamajors, RUF",,1991-03-23,1991-04-01,4,4,375.36,495.79,2896.78
133,Sierra Leone,Government of Sierra Leone,"AFRC, RUF",,1991-03-23,1991-04-01,4,4,375.36,495.79,2896.78
134,Algeria,Government of Algeria,IS,Islamic State,2014-10-10,2015-05-20,4,3,2126.06,5089.36,18232.02
135,Syria,Government of Syria,SDF,Rojava Kurdistan,2015-12-06,2016-04-23,2,3,2091.58,4906.23,18003.75
136,Syria,Government of Syria,SDF,Rojava Kurdistan,2015-12-06,2018-09-08,2,3,2446.3,6301.8857,21865.37
137,Sierra Leone,Government of Sierra Leone,"RUF, WSB",,1991-03-23,1991-04-01,4,4,375.36,495.79,2896.78
138,Azerbaijan,Government of Azerbaijan,Republic of Artsakh,Artsakh (Nagorno-Karabakh),1991-12-29,1991-12-30,1,4,406.46,565.71,3101.52
139,Jordan,Government of Jordan,IS,Islamic State,2016-03-02,2016-12-18,2,3,2258.07,5437.16,19843.41
140,Turkey,Government of Turkey,IS,Islamic State,2015-07-23,2015-11-14,2,3,2023.04,4927.88,17245.24
141,Turkey,Government of Turkey,IS,Islamic State,2015-07-23,2015-11-14,2,3,2023.04,4927.88,17245.24
142,Turkey,Government of Turkey,IS,Islamic State,2015-07-23,2015-11-14,2,3,2023.04,4927.88,17245.24
143,Pakistan,Government of Pakistan,IS,Islamic State,2016-02-12,2016-10-24,3,3,2141.16,5257.4,18145.71
144,Pakistan,Government of Pakistan,IS,Islamic State,2016-02-12,2016-10-24,3,3,2141.16,5257.4,18145.71
145,Pakistan,Government of Pakistan,IS,Islamic State,2016-02-12,2016-10-24,3,3,2141.16,5257.4,18145.71
146,Pakistan,Government of Pakistan,IS,Islamic State,2016-02-12,2016-10-24,3,3,2141.16,5257.4,18145.71
147,Somalia,Government of Somalia,Republic of Somaliland,Somaliland,2016-07-18,2018-05-15,4,3,2446.3,6301.8857,21865.37
148,Azerbaijan,Government of Azerbaijan,Republic of Artsakh,Artsakh (Nagorno-Karabakh),1991-12-29,1991-12-30,1,4,406.46,565.71,3101.52
149,Azerbaijan,Government of Azerbaijan,Republic of Artsakh,Artsakh (Nagorno-Karabakh),1991-12-29,1991-12-30,1,4,406.46,565.71,3101.52
150,Azerbaijan,Government of Azerbaijan,Republic of Artsakh,Artsakh (Nagorno-Karabakh),1991-12-29,1997-04-20,1,4,766.34,1222.57,6703.55
151,Azerbaijan,Government of Azerbaijan,Republic of Artsakh,Artsakh (Nagorno-Karabakh),1991-12-29,1997-04-20,1,4,766.34,1222.57,6703.55
156,Azerbaijan,Government of Azerbaijan,Republic of Artsakh,Artsakh (Nagorno-Karabakh),1991-12-29,2005-12-05,1,4,1265.08,2273.37,10877.51
157,Azerbaijan,Government of Azerbaijan,Republic of Artsakh,Artsakh (Nagorno-Karabakh),1991-12-29,2008-12-31,1,4,931.8,1632.21,9034.69
158,Iran,Government of Iran,IS,Islamic State,2016-08-15,2017-06-11,2,3,2431.77,6207.92,21271.97
159,Philippines,Government of Philippines,IS,Islamic State,2016-06-01,2016-06-01,3,3,2099.13,4942.52,17807.06
160,Philippines,Government of Philippines,IS,Islamic State,2016-06-01,2016-06-01,3,3,2099.13,4942.52,17807.06
161,Philippines,Government of Philippines,IS,Islamic State,2016-06-01,2016-06-01,3,3,2099.13,4942.52,17807.06
162,Philippines,Government of Philippines,IS,Islamic State,2016-06-01,2016-06-01,3,3,2099.13,4942.52,17807.06
163,Philippines,Government of Philippines,IS,Islamic State,2016-06-01,2016-06-01,3,3,2099.13,4942.52,17807.06
164,Tunisia,Government of Tunisia,IS,Islamic State,2015-03-18,2016-03-07,4,3,1999.99,4717.02,17006.77
165,Azerbaijan,Government of Azerbaijan,Republic of Artsakh,Artsakh (Nagorno-Karabakh),1991-12-29,2012-09-25,1,4,1440.67,3116.23,13437.13
166,Azerbaijan,Government of Azerbaijan,Republic of Artsakh,Artsakh (Nagorno-Karabakh),1991-12-29,2014-08-01,1,4,1925.15,4352.64,16493.37
167,Azerbaijan,Government of Azerbaijan,Republic of Artsakh,Artsakh (Nagorno-Karabakh),1991-12-29,2014-08-01,1,4,1925.15,4352.64,16493.37
168,Azerbaijan,Government of Azerbaijan,Republic of Artsakh,Artsakh (Nagorno-Karabakh),1991-12-29,2014-08-01,1,4,1925.15,4352.64,16493.37
169,Azerbaijan,Government of Azerbaijan,Republic of Artsakh,Artsakh (Nagorno-Karabakh),1991-12-29,2014-08-01,1,4,1925.15,4352.64,16493.37
1403,Guinea,Government of Guinea,RFDG,,2000-09-01,2000-09-17,4,3,1465.81,3835.23,10927.0
1404,Guinea,Government of Guinea,RFDG,,2000-09-01,2000-09-17,4,3,1465.81,3835.23,10927.0
1642,Eritrea,Government of Eritrea,EIJM - AS,,1993-12-16,1997-06-30,4,3,916.92,1467.61,7895.81
1643,Eritrea,Government of Eritrea,EIJM - AS,,1993-12-16,1999-04-04,4,3,1293.72,2493.37,9832.51
1644,Eritrea,Government of Eritrea,EIJM - AS,,1993-12-16,2003-07-17,4,3,993.32,1708.5,9188.15
1738,Mozambique,Government of Mozambique,Renamo,,1977-12-31,1977-12-31,4,3,95.1,105.05,831.17
1739,Mozambique,Government of Mozambique,Renamo,,1977-12-31,1977-12-31,4,3,95.1,105.05,831.17
1740,Mozambique,Government of Mozambique,Renamo,,1977-12-31,1977-12-31,4,3,95.1,105.05,831.17
1741,Mozambique,Government of Mozambique,Renamo,,1977-12-31,1977-12-31,4,3,95.1,105.05,831.17
1742,Mozambique,Government of Mozambique,Renamo,,1977-12-31,1977-12-31,4,3,95.1,105.05,831.17
1743,Mozambique,Government of Mozambique,Renamo,,1977-12-31,1977-12-31,4,3,95.1,105.05,831.17
1744,Mozambique,Government of Mozambique,Renamo,,1977-12-31,1977-12-31,4,3,95.1,105.05,831.17
1745,Mozambique,Government of Mozambique,Renamo,,1977-12-31,1977-12-31,4,3,95.1,105.05,831.17
1746,Mozambique,Government of Mozambique,Renamo,,1977-12-31,1977-12-31,4,4,95.1,105.05,831.17
1747,Mozambique,Government of Mozambique,Renamo,,1977-12-31,1977-12-31,4,4,95.1,105.05,831.17
1748,Mozambique,Government of Mozambique,Renamo,,1977-12-31,1977-12-31,4,4,95.1,105.05,831.17
1749,Mozambique,Government of Mozambique,Renamo,,1977-12-31,1977-12-31,4,4,95.1,105.05,831.17
1750,Mozambique,Government of Mozambique,Renamo,,1977-12-31,1977-12-31,4,4,95.1,105.05,831.17
1751,Mozambique,Government of Mozambique,Renamo,,1977-12-31,1977-12-31,4,4,95.1,105.05,831.17
1752,Mozambique,Government of Mozambique,Renamo,,1977-12-31,1977-12-31,4,3,95.1,105.05,831.17
1753,Mozambique,Government of Mozambique,Renamo,,1977-12-31,1977-12-31,4,3,95.1,105.05,831.17
1754,Mozambique,Government of Mozambique,Renamo,,1977-12-31,2013-10-12,4,3,1703.2,3791.87,15237.11
1755,Mozambique,Government of Mozambique,Renamo,,1977-12-31,2013-10-12,4,3,1703.2,3791.87,15237.11
1756,Mozambique,Government of Mozambique,Renamo,,1977-12-31,2016-04-10,4,3,2047.6,4850.69,17576.96
1757,Mozambique,Government of Mozambique,Ansar al-Sunnah,,1977-12-31,2018-07-10,4,3,2446.3,6301.8857,21865.37
1758,Mozambique,Government of Mozambique,Ansar al-Sunnah,,1977-12-31,2018-07-10,4,3,2446.3,6301.8857,21865.37
1812,India,Government of India,TNV,Tripura,1979-07-09,1979-12-31,3,3,107.84,150.83,838.91
1813,India,Government of India,TNV,Tripura,1979-07-09,1979-12-31,3,3,107.84,150.83,838.91
1814,India,Government of India,TNV,Tripura,1979-07-09,1979-12-31,3,3,107.84,150.83,838.91
1815,India,Government of India,TNV,Tripura,1979-07-09,1979-12-31,3,3,107.84,150.83,838.91
1816,India,Government of India,TNV,Tripura,1979-07-09,1979-12-31,3,3,107.84,150.83,838.91
1817,India,Government of India,TNV,Tripura,1979-07-09,1979-12-31,3,3,107.84,150.83,838.91
1818,India,Government of India,TNV,Tripura,1979-07-09,1979-12-31,3,3,107.84,150.83,838.91
1819,India,Government of India,TNV,Tripura,1979-07-09,1979-12-31,3,3,107.84,150.83,838.91
1820,India,Government of India,TNV,Tripura,1979-07-09,1979-12-31,3,3,107.84,150.83,838.91
1821,India,Government of India,TNV,Tripura,1979-07-09,1979-12-31,3,3,107.84,150.83,838.91
1822,India,Government of India,ATTF,Tripura,1979-07-09,1992-10-12,3,3,402.66,570.52,3136.58
1823,India,Government of India,"ATTF, NLFT",Tripura,1979-07-09,1997-06-10,3,3,893.27,1423.03,7782.04
1824,India,Government of India,NLFT,Tripura,1979-07-09,1999-09-26,3,3,1277.36,,
1825,India,Government of India,NLFT,Tripura,1979-07-09,1999-09-26,3,3,1277.36,,
1826,India,Government of India,NLFT,Tripura,1979-07-09,1999-09-26,3,3,1277.36,,
1827,India,Government of India,NLFT,Tripura,1979-07-09,1999-09-26,3,3,1277.36,,
1828,India,Government of India,NLFT,Tripura,1979-07-09,1999-09-26,3,3,1277.36,,
1829,India,Government of India,NLFT-B,Tripura,1979-07-09,1999-09-26,3,3,1277.36,,
1842,Somalia,Government of Somalia,SSDF,,1982-01-18,1982-12-31,4,3,140.64,232.41,1046.54
1843,Somalia,Government of Somalia,"SNM, SSDF",,1982-01-18,1982-12-31,4,3,140.64,232.41,1046.54
1844,Somalia,Government of Somalia,"SNM, SSDF",,1982-01-18,1982-12-31,4,3,140.64,232.41,1046.54
1845,Somalia,Government of Somalia,SNM,,1982-01-18,1986-03-03,4,3,226.92,359.5,1709.06
1846,Somalia,Government of Somalia,SNM,,1982-01-18,1986-03-03,4,3,226.92,359.5,1709.06
1847,Somalia,Government of Somalia,SNM,,1982-01-18,1986-03-03,4,3,226.92,359.5,1709.06
1848,Somalia,Government of Somalia,"SNM, SPM",,1982-01-18,1986-03-03,4,3,226.92,359.5,1709.06
1849,Somalia,Government of Somalia,"SNM, SPM, USC/SSA",,1982-01-18,1986-03-03,4,3,226.92,359.5,1709.06
1850,Somalia,Government of Somalia,"SNM, SPM, USC/SNA, USC/SSA",,1982-01-18,1986-03-03,4,3,226.92,359.5,1709.06
1851,Somalia,Government of Somalia,USC/SNA,,1982-01-18,1986-03-03,4,3,226.92,359.5,1709.06
1852,Somalia,Government of Somalia,USC/SNA,,1982-01-18,1986-03-03,4,3,226.92,359.5,1709.06
1853,Somalia,Government of Somalia,USC/SNA,,1982-01-18,1986-03-03,4,3,226.92,359.5,1709.06
1854,Somalia,Government of Somalia,USC/SNA,,1982-01-18,1986-03-03,4,3,226.92,359.5,1709.06
1855,Somalia,Government of Somalia,USC/SNA,,1982-01-18,1986-03-03,4,3,226.92,359.5,1709.06
1856,Somalia,Government of Somalia,SRRC,,1982-01-18,2001-05-12,4,3,1245.67,2107.43,10821.31
1857,Somalia,Government of Somalia,SRRC,,1982-01-18,2001-05-12,4,3,1245.67,2107.43,10821.31
1858,Azerbaijan,Government of Azerbaijan,Republic of Artsakh,Artsakh (Nagorno-Karabakh),1991-12-29,2020-09-27,1,4,2446.3,6301.8857,21865.37
1859,Croatia,Government of Croatia,"Serbian irregulars, Serbian Republic of Krajina",Serb,1992-04-23,1992-04-30,1,4,412.53,578.14,3336.09
1860,Croatia,Government of Croatia,Serbian Republic of Krajina,Serb,1992-04-23,1992-04-30,1,4,412.53,578.14,3336.09
1861,Bosnia-Herzegovina,Government of Bosnia-Herzegovina,"Serbian irregulars, Serbian Republic of Bosnia-Herzegovina",Serb,1992-04-27,1992-04-27,1,4,409.02,572.89,3324.46
1862,Bosnia-Herzegovina,Government of Bosnia-Herzegovina,"Serbian irregulars, Serbian Republic of Bosnia-Herzegovina",Serb,1992-04-27,1992-04-27,1,4,409.02,572.89,3324.46
1863,Tajikistan,Government of Tajikistan,"PFT, UTO",,1992-05-05,1992-05-10,3,4,416.05,585.76,3369.41
1864,Tajikistan,Government of Tajikistan,UTO,,1992-05-05,1992-05-10,3,4,416.05,585.76,3369.41
1865,Tajikistan,Government of Tajikistan,UTO,,1992-05-05,1992-05-10,3,4,416.05,585.76,3369.41
1866,Tajikistan,Government of Tajikistan,UTO,,1992-05-05,1992-05-10,3,4,416.05,585.76,3369.41
1867,Tajikistan,Government of Tajikistan,UTO,,1992-05-05,1992-05-10,3,4,416.05,585.76,3369.41
1868,Georgia,Government of Georgia,Republic of South Ossetia,South Ossetia,1992-05-12,2008-08-12,1,4,1298.19,2452.52,11659.9
1869,Bosnia-Herzegovina,Government of Bosnia-Herzegovina,"Croatian irregulars, Croatian Republic of Bosnia-Herzegovina",Croat,1992-05-27,1993-01-14,1,4,437.15,697.15,3271.12
1870,Congo,Government of Congo,"Cobras, Cocoyes",,1993-11-03,1997-06-06,4,4,858.01,1404.84,7435.78
1871,Congo,Government of Congo,"Cocoyes, Ninjas, Ntsiloulous",,1993-11-03,1997-06-06,4,4,858.01,1404.84,7435.78
1872,Congo,Government of Congo,"Cocoyes, Ntsiloulous",,1993-11-03,1997-06-06,4,4,858.01,1404.84,7435.78
1896,Iran,Government of Iran,APCO,Arabistan,1979-05-30,1979-05-31,2,3,99.17,131.76,821.21
1897,Iran,Government of Iran,APCO,Arabistan,1979-05-30,1979-05-31,2,3,99.17,131.76,821.21
1898,Saudi Arabia,Government of Saudi Arabia,JSM,,1979-11-20,1979-11-20,2,3,104.67,139.85,811.77
1899,Liberia,Government of Liberia,Military faction (forces of Samuel Doe),,1980-04-12,1980-04-12,4,3,103.79,137.75,791.55
1900,Liberia,Government of Liberia,NPFL,,1980-04-12,1989-12-26,4,3,353.4,454.8,2753.2
1901,Liberia,Government of Liberia,"INPFL, NPFL",,1980-04-12,1989-12-26,4,3,353.4,454.8,2753.2
1902,Liberia,Government of Liberia,LURD,,1980-04-12,2000-05-31,4,3,1477.26,3813.38,10794.76
1903,Liberia,Government of Liberia,LURD,,1980-04-12,2000-05-31,4,3,1477.26,3813.38,10794.76
1904,Liberia,Government of Liberia,LURD,,1980-04-12,2000-05-31,4,3,1477.26,3813.38,10794.76
1905,Liberia,Government of Liberia,"LURD, MODEL",,1980-04-12,2000-05-31,4,3,1477.26,3813.38,10794.76
1915,Tunisia,Government of Tunisia,RÃ©sistance ArmÃ©e Tunisienne,,1980-01-27,1980-01-28,4,3,113.61,159.7,876.11
1916,Congo,Government of Congo,Ntsiloulous,,1993-11-03,2002-04-10,4,4,1111.01,1756.19,10190.82
1917,South Africa,Government of South Africa,ANC,,1978-02-01,1981-08-07,4,3,131.75,211.36,942.54
1918,South Africa,Government of South Africa,ANC,,1978-02-01,1981-08-07,4,3,131.75,211.36,942.54
1919,South Africa,Government of South Africa,ANC,,1978-02-01,1981-08-07,4,3,131.75,211.36,942.54
1920,South Africa,Government of South Africa,ANC,,1978-02-01,1985-06-26,4,3,191.85,296.2,1335.46
1921,South Africa,Government of South Africa,ANC,,1978-02-01,1985-06-26,4,3,191.85,296.2,1335.46
1922,South Africa,Government of South Africa,ANC,,1978-02-01,1985-06-26,4,3,191.85,296.2,1335.46
1923,South Africa,Government of South Africa,ANC,,1978-02-01,1985-06-26,4,3,191.85,296.2,1335.46
1924,"Cameroon, Nigeria",Government of Cameroon,Government of Nigeria,Bakassi,1994-02-18,1996-05-07,4,2,652.09,1202.76,5518.14
1925,India,Government of India,PLA,Manipur,1979-04-26,1982-07-31,3,3,107.09,167.35,808.6
1926,India,Government of India,PLA,Manipur,1979-04-26,1982-07-31,3,3,107.09,167.35,808.6
1927,India,Government of India,PLA,Manipur,1979-04-26,1982-07-31,3,3,107.09,167.35,808.6
1928,India,Government of India,PLA,Manipur,1979-04-26,1982-07-31,3,3,107.09,167.35,808.6
1929,India,Government of India,PLA,Manipur,1979-04-26,1982-07-31,3,3,107.09,167.35,808.6
1930,India,Government of India,PLA,Manipur,1979-04-26,1982-07-31,3,3,107.09,167.35,808.6
1931,India,Government of India,PLA,Manipur,1979-04-26,1982-07-31,3,3,107.09,167.35,808.6
1932,India,Government of India,UNLF,Manipur,1979-04-26,1993-12-31,3,3,466.45,776.8,3754.09
1933,India,Government of India,UNLF,Manipur,1979-04-26,1993-12-31,3,3,466.45,776.8,3754.09
1934,India,Government of India,PLA,Manipur,1979-04-26,1993-12-31,3,3,466.45,776.8,3754.09
1935,India,Government of India,PLA,Manipur,1979-04-26,1993-12-31,3,3,466.45,776.8,3754.09
1936,India,Government of India,PLA,Manipur,1979-04-26,1998-12-31,3,3,1229.23,2192.69,9181.43
1937,India,Government of India,UNLF,Manipur,1979-04-26,1998-12-31,3,3,1229.23,2192.69,9181.43
1938,India,Government of India,"PLA, UNLF",Manipur,1979-04-26,1998-12-31,3,3,1229.23,2192.69,9181.43
1939,India,Government of India,UNLF,Manipur,1979-04-26,2003-07-21,3,3,993.32,1708.5,9188.15
1940,India,Government of India,"PLA, UNLF",Manipur,1979-04-26,2003-07-21,3,3,993.32,1708.5,9188.15
1941,India,Government of India,UNLF,Manipur,1979-04-26,2003-07-21,3,3,993.32,1708.5,9188.15
1942,India,Government of India,"PLA, UNLF",Manipur,1979-04-26,2003-07-21,3,3,993.32,1708.5,9188.15
1943,India,Government of India,UNLF,Manipur,1979-04-26,2003-07-21,3,3,993.32,1708.5,9188.15
1944,India,Government of India,"KCP, PREPAK",Manipur,1979-04-26,2003-07-21,3,3,993.32,1708.5,9188.15
1945,India,Government of India,"KCP, PREPAK, UNLF",Manipur,1979-04-26,2003-07-21,3,3,993.32,1708.5,9188.15
1946,Kenya,Government of Kenya,Military faction (forces of Hezekiah Ochuka),,1982-08-01,1982-08-01,4,3,107.09,167.35,808.6
1947,"Ecuador, Peru",Government of Ecuador,Government of Peru,Cordillera del Condor,1995-01-26,1995-01-31,5,2,478.65,772.06,3928.64
1948,Serbia (Yugoslavia),Government of Serbia (Yugoslavia),UCK,Kosovo,1996-04-22,1998-03-06,1,4,1055.69,1753.49,8569.39
1949,India,Government of India,Sikh insurgents,Punjab/Khalistan,1981-09-20,1983-12-31,3,3,164.93,278.6,1258.64
1950,India,Government of India,Sikh insurgents,Punjab/Khalistan,1981-09-20,1983-12-31,3,3,164.93,278.6,1258.64
1951,India,Government of India,Sikh insurgents,Punjab/Khalistan,1981-09-20,1983-12-31,3,3,164.93,278.6,1258.64
1952,India,Government of India,Sikh insurgents,Punjab/Khalistan,1981-09-20,1983-12-31,3,3,164.93,278.6,1258.64
1953,India,Government of India,Sikh insurgents,Punjab/Khalistan,1981-09-20,1983-12-31,3,3,164.93,278.6,1258.64
1954,India,Government of India,Sikh insurgents,Punjab/Khalistan,1981-09-20,1983-12-31,3,3,164.93,278.6,1258.64
1955,India,Government of India,Sikh insurgents,Punjab/Khalistan,1981-09-20,1983-12-31,3,3,164.93,278.6,1258.64
1956,India,Government of India,Sikh insurgents,Punjab/Khalistan,1981-09-20,1983-12-31,3,3,164.93,278.6,1258.64
1957,India,Government of India,Sikh insurgents,Punjab/Khalistan,1981-09-20,1983-12-31,3,3,164.93,278.6,1258.64
1958,India,Government of India,Sikh insurgents,Punjab/Khalistan,1981-09-20,1983-12-31,3,3,164.93,278.6,1258.64
1959,India,Government of India,Sikh insurgents,Punjab/Khalistan,1981-09-20,1983-12-31,3,3,164.93,278.6,1258.64
1991,Turkey,Government of Turkey,PKK,Kurdistan,1983-05-01,1984-08-15,2,3,164.14,250.37,1211.9
1992,Turkey,Government of Turkey,PKK,Kurdistan,1983-05-01,1984-08-15,2,3,164.14,250.37,1211.9
1993,Turkey,Government of Turkey,PKK,Kurdistan,1983-05-01,1984-08-15,2,3,164.14,250.37,1211.9
1994,Turkey,Government of Turkey,PKK,Kurdistan,1983-05-01,1984-08-15,2,3,164.14,250.37,1211.9
1995,Turkey,Government of Turkey,PKK,Kurdistan,1983-05-01,1984-08-15,2,3,164.14,250.37,1211.9
1996,Turkey,Government of Turkey,PKK,Kurdistan,1983-05-01,1984-08-15,2,3,164.14,250.37,1211.9
1997,Turkey,Government of Turkey,PKK,Kurdistan,1983-05-01,1984-08-15,2,3,164.14,250.37,1211.9
1998,Turkey,Government of Turkey,PKK,Kurdistan,1983-05-01,1984-08-15,2,3,164.14,250.37,1211.9
1999,Turkey,Government of Turkey,PKK,Kurdistan,1983-05-01,1984-08-15,2,3,164.14,250.37,1211.9
2000,Turkey,Government of Turkey,PKK,Kurdistan,1983-05-01,1984-08-15,2,3,164.14,250.37,1211.9
2001,Turkey,Government of Turkey,PKK,Kurdistan,1983-05-01,1984-08-15,2,3,164.14,250.37,1211.9
2002,Turkey,Government of Turkey,PKK,Kurdistan,1983-05-01,1984-08-15,2,3,164.14,250.37,1211.9
2003,Turkey,Government of Turkey,PKK,Kurdistan,1983-05-01,1984-08-15,2,3,164.14,250.37,1211.9
2004,Turkey,Government of Turkey,PKK,Kurdistan,1983-05-01,1984-08-15,2,3,164.14,250.37,1211.9
2005,Turkey,Government of Turkey,PKK,Kurdistan,1983-05-01,1984-08-15,2,3,164.14,250.37,1211.9
2006,Turkey,Government of Turkey,PKK,Kurdistan,1983-05-01,1984-08-15,2,3,164.14,250.37,1211.9
2007,Turkey,Government of Turkey,PKK,Kurdistan,1983-05-01,1984-08-15,2,3,164.14,250.37,1211.9
2008,Turkey,Government of Turkey,PKK,Kurdistan,1983-05-01,1984-08-15,2,3,164.14,250.37,1211.9
2009,Turkey,Government of Turkey,PKK,Kurdistan,1983-05-01,1984-08-15,2,3,164.14,250.37,1211.9
2010,Turkey,Government of Turkey,PKK,Kurdistan,1983-05-01,1984-08-15,2,3,164.14,250.37,1211.9
2011,Turkey,Government of Turkey,PKK,Kurdistan,1983-05-01,1984-08-15,2,3,164.14,250.37,1211.9
2012,Turkey,Government of Turkey,PKK,Kurdistan,1983-05-01,1984-08-15,2,3,164.14,250.37,1211.9
2013,Turkey,Government of Turkey,PKK,Kurdistan,1983-05-01,1984-08-15,2,3,164.14,250.37,1211.9
2014,Turkey,Government of Turkey,PKK,Kurdistan,1983-05-01,1984-08-15,2,3,164.14,250.37,1211.9
2015,Turkey,Government of Turkey,PKK,Kurdistan,1983-05-01,1984-08-15,2,3,164.14,250.37,1211.9
2016,Turkey,Government of Turkey,PKK,Kurdistan,1983-05-01,1984-08-15,2,3,164.14,250.37,1211.9
2017,Turkey,Government of Turkey,PKK,Kurdistan,1983-05-01,1984-08-15,2,3,164.14,250.37,1211.9
2018,Turkey,Government of Turkey,PKK,Kurdistan,1983-05-01,1984-08-15,2,3,164.14,250.37,1211.9
2019,Turkey,Government of Turkey,PKK,Kurdistan,1983-05-01,1984-08-15,2,3,164.14,250.37,1211.9
2020,Turkey,Government of Turkey,PKK,Kurdistan,1983-05-01,1984-08-15,2,3,164.14,250.37,1211.9
2021,Turkey,Government of Turkey,PKK,Kurdistan,1983-05-01,2015-07-30,2,3,2103.84,5128.28,17689.86
2022,Turkey,Government of Turkey,PKK,Kurdistan,1983-05-01,2015-07-30,2,3,2103.84,5128.28,17689.86
2023,Turkey,Government of Turkey,PKK,Kurdistan,1983-05-01,2015-07-30,2,3,2103.84,5128.28,17689.86
2024,Turkey,Government of Turkey,PKK,Kurdistan,1983-05-01,2015-07-30,2,3,2103.84,5128.28,17689.86
2025,Turkey,Government of Turkey,PKK,Kurdistan,1983-05-01,2015-07-30,2,3,2103.84,5128.28,17689.86
2026,Turkey,Government of Turkey,PKK,Kurdistan,1983-05-01,2015-07-30,2,3,2103.84,5128.28,17689.86
2027,"Eritrea, Ethiopia",Government of Eritrea,Government of Ethiopia,Common border,1998-05-06,1998-05-31,4,2,1090.82,1778.87,8899.95
2028,"Eritrea, Ethiopia",Government of Eritrea,Government of Ethiopia,Common border,1998-05-06,1998-05-31,4,2,1090.82,1778.87,8899.95
2029,"Eritrea, Ethiopia",Government of Eritrea,Government of Ethiopia,Common border,1998-05-06,1998-05-31,4,2,1090.82,1778.87,8899.95
2030,"Eritrea, Ethiopia",Government of Eritrea,Government of Ethiopia,Common border,1998-05-06,2016-06-13,4,2,2096.07,4894.55,17865.34
2031,Suriname,Government of Suriname,SLA,,1986-08-21,1987-10-12,5,3,311.07,438.4,2482.21
2032,Togo,Government of Togo,MTD,,1986-09-23,1986-09-23,4,3,232.23,351.6,1769.69
2033,South Yemen,Government of South Yemen,YSP - AFI,,1986-01-13,1986-01-13,2,3,205.96,324.4,1513.53
2034,Burkina Faso,Government of Burkina Faso,Popular Front,,1987-10-15,1987-10-15,4,3,282.7,406.3,2246.73
2035,Guinea-Bissau,Government of Guinea-Bissau,"Military Junta for the Consolidation of Democracy, Peace and Justice",,1998-06-07,1998-06-07,4,4,1113.86,1782.92,9037.71
2036,Guinea-Bissau,Government of Guinea-Bissau,"Military Junta for the Consolidation of Democracy, Peace and Justice",,1998-06-07,1998-06-07,4,4,1113.86,1782.92,9037.71
2037,DR Congo (Zaire),Government of DR Congo (Zaire),BDK,Kongo Kingdom,1998-07-02,2017-08-07,4,4,2476.83,6351.56,22092.81
2038,DR Congo (Zaire),Government of DR Congo (Zaire),BDK,Kongo Kingdom,1998-07-02,2020-04-22,4,4,2446.3,6301.8857,21865.37
2039,Comoros,Government of Comoros,Presidential guard,,1989-11-27,1989-11-29,4,3,350.63,457.1,2747.65
2043,India,Government of India,Kashmir insurgents,Kashmir,1984-02-06,1990-02-12,3,3,333.62,428.8,2648.2
2044,India,Government of India,Kashmir insurgents,Kashmir,1984-02-06,1990-02-12,3,3,333.62,428.8,2648.2
2045,India,Government of India,Kashmir insurgents,Kashmir,1984-02-06,1990-02-12,3,3,333.62,428.8,2648.2
2046,India,Government of India,Kashmir insurgents,Kashmir,1984-02-06,1990-02-12,3,3,333.62,428.8,2648.2
2047,India,Government of India,Kashmir insurgents,Kashmir,1984-02-06,1990-02-12,3,3,333.62,428.8,2648.2
2048,India,Government of India,Kashmir insurgents,Kashmir,1984-02-06,1990-02-12,3,3,333.62,428.8,2648.2
2049,India,Government of India,Kashmir insurgents,Kashmir,1984-02-06,1990-02-12,3,3,333.62,428.8,2648.2
2050,India,Government of India,Kashmir insurgents,Kashmir,1984-02-06,1990-02-12,3,3,333.62,428.8,2648.2
2051,India,Government of India,Kashmir insurgents,Kashmir,1984-02-06,1990-02-12,3,3,333.62,428.8,2648.2
2052,India,Government of India,Kashmir insurgents,Kashmir,1984-02-06,1990-02-12,3,3,333.62,428.8,2648.2
2053,India,Government of India,Kashmir insurgents,Kashmir,1984-02-06,1990-02-12,3,3,333.62,428.8,2648.2
2054,India,Government of India,Kashmir insurgents,Kashmir,1984-02-06,1990-02-12,3,3,333.62,428.8,2648.2
2055,India,Government of India,Kashmir insurgents,Kashmir,1984-02-06,1990-02-12,3,3,333.62,428.8,2648.2
2056,India,Government of India,Kashmir insurgents,Kashmir,1984-02-06,1990-02-12,3,3,333.62,428.8,2648.2
2057,India,Government of India,Kashmir insurgents,Kashmir,1984-02-06,1990-02-12,3,3,333.62,428.8,2648.2
2058,India,Government of India,Kashmir insurgents,Kashmir,1984-02-06,1990-02-12,3,3,333.62,428.8,2648.2
2059,India,Government of India,Kashmir insurgents,Kashmir,1984-02-06,1990-02-12,3,3,333.62,428.8,2648.2
2060,India,Government of India,Kashmir insurgents,Kashmir,1984-02-06,1990-02-12,3,3,333.62,428.8,2648.2
2061,India,Government of India,Kashmir insurgents,Kashmir,1984-02-06,1990-02-12,3,3,333.62,428.8,2648.2
2062,India,Government of India,Kashmir insurgents,Kashmir,1984-02-06,1990-02-12,3,3,333.62,428.8,2648.2
2063,India,Government of India,Kashmir insurgents,Kashmir,1984-02-06,1990-02-12,3,3,333.62,428.8,2648.2
2064,India,Government of India,Kashmir insurgents,Kashmir,1984-02-06,1990-02-12,3,3,333.62,428.8,2648.2
2065,India,Government of India,Kashmir insurgents,Kashmir,1984-02-06,1990-02-12,3,3,333.62,428.8,2648.2
2066,India,Government of India,Kashmir insurgents,Kashmir,1984-02-06,1990-02-12,3,3,333.62,428.8,2648.2
2067,India,Government of India,Kashmir insurgents,Kashmir,1984-02-06,1990-02-12,3,3,333.62,428.8,2648.2
2068,India,Government of India,Kashmir insurgents,Kashmir,1984-02-06,1990-02-12,3,3,333.62,428.8,2648.2
2069,India,Government of India,Kashmir insurgents,Kashmir,1984-02-06,1990-02-12,3,3,333.62,428.8,2648.2
2070,India,Government of India,Kashmir insurgents,Kashmir,1984-02-06,1990-02-12,3,3,333.62,428.8,2648.2
2071,India,Government of India,Kashmir insurgents,Kashmir,1984-02-06,1990-02-12,3,3,333.62,428.8,2648.2
2072,India,Government of India,Kashmir insurgents,Kashmir,1984-02-06,1990-02-12,3,3,333.62,428.8,2648.2
2073,India,Government of India,Kashmir insurgents,Kashmir,1984-02-06,1990-02-12,3,3,333.62,428.8,2648.2
2074,India,Government of India,ULFA,Assam,1983-12-31,1990-11-30,3,3,322.22,359.1,2559.65
2075,India,Government of India,ULFA,Assam,1983-12-31,1994-12-31,3,3,459.27,751.96,3834.44
2076,India,Government of India,ULFA,Assam,1983-12-31,1994-12-31,3,3,459.27,751.96,3834.44
2077,India,Government of India,ULFA,Assam,1983-12-31,1994-12-31,3,3,459.27,751.96,3834.44
2078,India,Government of India,ULFA,Assam,1983-12-31,1994-12-31,3,3,459.27,751.96,3834.44
2079,India,Government of India,ULFA,Assam,1983-12-31,1994-12-31,3,3,459.27,751.96,3834.44
2080,India,Government of India,ULFA,Assam,1983-12-31,1994-12-31,3,3,459.27,751.96,3834.44
2081,India,Government of India,ULFA,Assam,1983-12-31,1994-12-31,3,3,459.27,751.96,3834.44
2082,India,Government of India,ULFA,Assam,1983-12-31,1994-12-31,3,3,459.27,751.96,3834.44
2083,India,Government of India,ULFA,Assam,1983-12-31,1994-12-31,3,3,459.27,751.96,3834.44
2084,India,Government of India,ULFA,Assam,1983-12-31,1994-12-31,3,3,459.27,751.96,3834.44
2085,India,Government of India,ULFA,Assam,1983-12-31,1994-12-31,3,3,459.27,751.96,3834.44
2086,India,Government of India,ULFA,Assam,1983-12-31,1994-12-31,3,3,459.27,751.96,3834.44
2087,India,Government of India,ULFA,Assam,1983-12-31,1994-12-31,3,3,459.27,751.96,3834.44
2088,India,Government of India,ULFA,Assam,1983-12-31,1994-12-31,3,3,459.27,751.96,3834.44
2089,India,Government of India,ULFA,Assam,1983-12-31,1994-12-31,3,3,459.27,751.96,3834.44
2090,India,Government of India,ULFA,Assam,1983-12-31,1994-12-31,3,3,459.27,751.96,3834.44
2091,India,Government of India,ULFA,Assam,1983-12-31,1994-12-31,3,3,459.27,751.96,3834.44
2092,Indonesia,Government of Indonesia,GAM,Aceh,1989-05-02,1990-06-06,3,3,358.71,460.9,2862.38
2093,Indonesia,Government of Indonesia,GAM,Aceh,1989-05-02,1990-06-06,3,3,358.71,460.9,2862.38
2094,Indonesia,Government of Indonesia,GAM,Aceh,1989-05-02,1999-06-01,3,3,1327.75,2478.34,10799.84
2095,Indonesia,Government of Indonesia,GAM,Aceh,1989-05-02,1999-06-01,3,3,1327.75,2478.34,10799.84
2096,Indonesia,Government of Indonesia,GAM,Aceh,1989-05-02,1999-06-01,3,3,1327.75,2478.34,10799.84
2097,Indonesia,Government of Indonesia,GAM,Aceh,1989-05-02,1999-06-01,3,3,1327.75,2478.34,10799.84
2098,Indonesia,Government of Indonesia,GAM,Aceh,1989-05-02,1999-06-01,3,3,1327.75,2478.34,10799.84
2099,Indonesia,Government of Indonesia,GAM,Aceh,1989-05-02,1999-06-01,3,3,1327.75,2478.34,10799.84
2100,Indonesia,Government of Indonesia,GAM,Aceh,1989-05-02,1999-06-01,3,3,1327.75,2478.34,10799.84
2101,Panama,Government of Panama,Military faction (forces of MoisÃ©s Giroldi),,1989-10-03,1989-10-03,5,3,358.78,483.6,2785.52
2102,Lesotho,Government of Lesotho,Military faction (Lesotho),,1998-09-03,1998-09-22,4,4,1044.75,1743.59,8028.77
2103,Papua New Guinea,Government of Papua New Guinea,BRA,Bougainville,1989-04-06,1990-02-07,3,3,333.62,428.8,2648.2
2104,Papua New Guinea,Government of Papua New Guinea,BRA,Bougainville,1989-04-06,1992-08-02,3,3,424.21,580.83,3393.78
2105,Papua New Guinea,Government of Papua New Guinea,BRA,Bougainville,1989-04-06,1992-08-02,3,3,424.21,580.83,3393.78
2106,Papua New Guinea,Government of Papua New Guinea,BRA,Bougainville,1989-04-06,1992-08-02,3,3,424.21,580.83,3393.78
2107,Papua New Guinea,Government of Papua New Guinea,BRA,Bougainville,1989-04-06,1992-08-02,3,3,424.21,580.83,3393.78
2108,Papua New Guinea,Government of Papua New Guinea,BRA,Bougainville,1989-04-06,1992-08-02,3,3,424.21,580.83,3393.78
2109,Romania,Government of Romania,"Military faction (forces of Nicolae Ceausescu), NSF",,1989-12-17,1989-12-22,1,3,347.42,444.6,2711.39
2110,Uzbekistan,Government of Uzbekistan,IMU,,1999-02-16,1999-03-30,3,4,1293.72,2493.37,9832.51
2111,Central African Republic,Government of Central African Republic,Military faction (forces of AndrÃ© Kolingba),,2001-05-27,2001-06-01,4,4,1260.67,2149.44,10990.41
2112,Mali,Government of Mali,MPA,Azawad,1990-06-28,1990-07-21,4,3,361.61,455.3,2961.14
2113,Mali,Government of Mali,FPLA,Azawad,1990-06-28,1990-07-21,4,3,361.61,455.3,2961.14
2114,Mali,Government of Mali,FIAA,Azawad,1990-06-28,1994-10-04,4,3,455.1,749.96,3797.43
2115,Mali,Government of Mali,ATNMC,Azawad,1990-06-28,2007-08-31,4,3,1473.99,2596.36,13357.74
2116,Mali,Government of Mali,ATNMC,Azawad,1990-06-28,2007-08-31,4,3,1473.99,2596.36,13357.74
2117,Mali,Government of Mali,ATNMC,Azawad,1990-06-28,2007-08-31,4,3,1473.99,2596.36,13357.74
2118,Mali,Government of Mali,CMA,Azawad,1990-06-28,2012-01-24,4,3,1316.33,2816.55,12660.46
2119,Mali,Government of Mali,CMA,Azawad,1990-06-28,2014-05-17,4,3,1877.86,4090.59,16491.31
2120,Central African Republic,Government of Central African Republic,Seleka,,2001-05-27,2006-11-28,4,4,1396.71,2413.21,12194.13
2121,Niger,Government of Niger,CRA,Air and Azawad,1994-01-19,1994-05-16,4,3,444.14,716.92,3659.68
2122,Central African Republic,Government of Central African Republic,Seleka,,2001-05-27,2009-11-26,4,4,1091.49,2138.44,10309.92
2123,Rwanda,Government of Rwanda,FPR,,1990-10-01,1990-10-03,4,3,311.5,347.4,2510.64
2124,Rwanda,Government of Rwanda,FPR,,1990-10-01,1990-10-03,4,3,311.5,347.4,2510.64
2125,Rwanda,Government of Rwanda,FPR,,1990-10-01,1990-10-03,4,3,311.5,347.4,2510.64
2126,Rwanda,Government of Rwanda,FPR,,1990-10-01,1990-10-03,4,3,311.5,347.4,2510.64
2127,Rwanda,Government of Rwanda,ALiR,,1990-10-01,1996-07-12,4,3,646.19,1103.49,5510.56
2128,Rwanda,Government of Rwanda,ALiR,,1990-10-01,1996-07-12,4,3,646.19,1103.49,5510.56
2129,Rwanda,Government of Rwanda,ALiR,,1990-10-01,1996-07-12,4,3,646.19,1103.49,5510.56
2130,Rwanda,Government of Rwanda,ALiR,,1990-10-01,1996-07-12,4,3,646.19,1103.49,5510.56
2131,Rwanda,Government of Rwanda,ALiR,,1990-10-01,1996-07-12,4,3,646.19,1103.49,5510.56
2132,Rwanda,Government of Rwanda,FDLR,,1990-10-01,1996-07-12,4,3,646.19,1103.49,5510.56
2133,Rwanda,Government of Rwanda,FDLR,,1990-10-01,1996-07-12,4,3,646.19,1103.49,5510.56
2134,Central African Republic,Government of Central African Republic,"anti-Balaka, Seleka",,2001-05-27,2009-11-26,4,4,1091.49,2138.44,10309.92
2135,Central African Republic,Government of Central African Republic,"CPC, UPC (Ali Darass Fulani supporters)",,2001-05-27,2018-05-17,4,4,2446.3,6301.8857,21865.37
2136,United States of America,Government of United States of America,al-Qaida,,2001-09-11,2001-09-11,5,4,1092.54,1695.37,
2137,United States of America,Government of United States of America,al-Qaida,,2001-09-11,2001-09-11,5,4,1092.54,1695.37,
2138,United States of America,Government of United States of America,al-Qaida,,2001-09-11,2001-09-11,5,4,1092.54,1695.37,
2139,United States of America,Government of United States of America,al-Qaida,,2001-09-11,2001-09-11,5,4,1092.54,1695.37,
2140,United States of America,Government of United States of America,al-Qaida,,2001-09-11,2001-09-11,5,4,1092.54,1695.37,
2141,United States of America,Government of United States of America,al-Qaida,,2001-09-11,2001-09-11,5,4,1092.54,1695.37,
2142,Senegal,Government of Senegal,MFDC,Casamance,1988-12-31,1990-08-31,4,3,322.56,381.2,2614.36
2143,Senegal,Government of Senegal,MFDC,Casamance,1988-12-31,1992-09-01,4,3,417.08,573.44,3281.93
2144,Senegal,Government of Senegal,MFDC,Casamance,1988-12-31,1992-09-01,4,3,417.08,573.44,3281.93
2145,Senegal,Government of Senegal,MFDC,Casamance,1988-12-31,1995-04-27,4,3,514.71,843.98,4321.27
2146,Senegal,Government of Senegal,MFDC,Casamance,1988-12-31,1997-03-18,4,3,784.1,1254.07,6804.79
2147,Senegal,Government of Senegal,MFDC,Casamance,1988-12-31,1997-03-18,4,3,784.1,1254.07,6804.79
2148,Senegal,Government of Senegal,MFDC,Casamance,1988-12-31,2000-04-11,4,3,1357.31,3321.29,10305.77
2149,Senegal,Government of Senegal,MFDC,Casamance,1988-12-31,2000-04-11,4,3,1357.31,3321.29,10305.77
2150,Senegal,Government of Senegal,MFDC,Casamance,1988-12-31,2003-01-20,4,3,901.78,1376.19,8586.74
2151,Senegal,Government of Senegal,MFDC,Casamance,1988-12-31,2011-12-20,4,3,1265.33,2618.64,12294.0
2152,Russia (Soviet Union),Government of Russia (Soviet Union),Republic of Armenia,Nagorno-Karabakh,1990-01-19,1990-08-31,1,3,322.56,381.2,2614.36
2153,Russia (Soviet Union),Government of Russia (Soviet Union),Republic of Armenia,Nagorno-Karabakh,1990-01-19,1990-08-31,1,3,322.56,381.2,2614.36
2154,Russia (Soviet Union),Government of Russia (Soviet Union),APF,Azerbaijan,1990-01-20,1990-01-23,1,3,325.8,421.3,2559.23
2155,Trinidad and Tobago,Government of Trinidad and Tobago,Jamaat al-Muslimeen,,1990-07-27,1990-08-02,5,3,344.86,417.5,2809.65
2156,Djibouti,Government of Djibouti,FRUD,,1991-11-12,1991-11-13,4,3,382.62,531.29,2943.2
2157,Djibouti,Government of Djibouti,FRUD,,1991-11-12,1991-11-13,4,3,382.62,531.29,2943.2
2158,Djibouti,Government of Djibouti,FRUD,,1991-11-12,1991-11-13,4,3,382.62,531.29,2943.2
2159,Djibouti,Government of Djibouti,FRUD,,1991-11-12,1991-11-13,4,3,382.62,531.29,2943.2
2160,Djibouti,Government of Djibouti,FRUD-C,,1991-11-12,1999-07-24,4,3,1356.94,2692.4,10910.96
2161,Georgia,Government of Georgia,National Guard and Mkhedrioni,,1991-12-22,1991-12-28,1,3,406.46,565.71,3101.52
2162,Georgia,Government of Georgia,Zviadists,,1991-12-22,1991-12-28,1,3,406.46,565.71,3101.52
2163,Georgia,Government of Georgia,Zviadists,,1991-12-22,1991-12-28,1,3,406.46,565.71,3101.52
2164,Haiti,Government of Haiti,Military faction (forces of Himmler Rebu and Guy Francois),,1989-04-03,1989-04-08,5,3,297.16,410.7,2304.8
2165,Haiti,Government of Haiti,Military faction (forces of Raol CÃ©dras),,1989-04-03,1991-10-02,5,3,381.25,520.4,2961.76
2166,Haiti,Government of Haiti,"FLRN, OP Lavalas",,1989-04-03,2004-02-08,5,3,1142.76,2064.01,10593.03
2167,United States of America,Government of United States of America,al-Qaida,,2001-09-11,2001-09-11,5,4,1092.54,1695.37,
2168,United States of America,Government of United States of America,al-Qaida,,2001-09-11,2001-09-11,5,4,1092.54,1695.37,
2169,United States of America,Government of United States of America,al-Qaida,,2001-09-11,2001-09-11,5,4,1092.54,1695.37,
2170,United States of America,Government of United States of America,al-Qaida,,2001-09-11,2001-09-11,5,4,1092.54,1695.37,
2171,United States of America,Government of United States of America,al-Qaida,,2001-09-11,2001-09-11,5,4,1092.54,1695.37,
2172,United States of America,Government of United States of America,al-Qaida,,2001-09-11,2001-09-11,5,4,1092.54,1695.37,
2173,United States of America,Government of United States of America,al-Qaida,,2001-09-11,2001-09-11,5,4,1092.54,1695.37,
2174,United States of America,Government of United States of America,al-Qaida,,2001-09-11,2001-09-11,5,4,1092.54,1695.37,
2175,United States of America,Government of United States of America,al-Qaida,,2001-09-11,2001-09-11,5,4,1092.54,1695.37,
2176,United States of America,Government of United States of America,al-Qaida,,2001-09-11,2001-09-11,5,4,1092.54,1695.37,
2177,Sierra Leone,Government of Sierra Leone,RUF,,1991-03-23,1991-04-01,4,3,375.36,495.79,2896.78
2178,Turkey,Government of Turkey,DHKP-C,,1987-12-31,1991-07-13,2,3,380.25,492.71,2980.77
2179,Turkey,Government of Turkey,DHKP-C,,1987-12-31,1991-07-13,2,3,380.25,492.71,2980.77
2180,Turkey,Government of Turkey,DHKP-C,,1987-12-31,1995-07-16,2,3,559.89,999.33,4708.82
2181,Turkey,Government of Turkey,MKP,,1987-12-31,2005-06-17,2,3,1216.96,2090.11,10623.07
2182,Turkey,Government of Turkey,"TAK, Yurtta Sulh Konseyi",,1987-12-31,2016-02-17,2,3,1917.78,4504.43,16391.99
2183,Serbia (Yugoslavia),Government of Serbia (Yugoslavia),Republic of Slovenia,Slovenia,1991-06-27,1991-06-28,1,3,371.16,475.92,2906.75
2184,Serbia (Yugoslavia),Government of Serbia (Yugoslavia),"Croatian irregulars, Republic of Croatia",Croatia,1991-07-09,1991-07-27,1,3,380.93,492.69,2972.5
2185,Serbia (Yugoslavia),Government of Serbia (Yugoslavia),Republic of Croatia,Croatia,1991-07-09,1991-07-27,1,3,380.93,492.69,2972.5
2186,Algeria,Government of Algeria,Takfir wa'l Hijra,,1985-08-27,1991-12-09,4,3,379.1,536.3,2886.4
2187,Algeria,Government of Algeria,AIS,,1985-08-27,1991-12-09,4,3,379.1,536.3,2886.4
2188,Algeria,Government of Algeria,"AIS, GIA",,1985-08-27,1991-12-09,4,3,379.1,536.3,2886.4
2189,Algeria,Government of Algeria,"AIS, GIA",,1985-08-27,1991-12-09,4,3,379.1,536.3,2886.4
2190,Algeria,Government of Algeria,"AIS, GIA",,1985-08-27,1991-12-09,4,3,379.1,536.3,2886.4
2191,Algeria,Government of Algeria,"AIS, GIA",,1985-08-27,1991-12-09,4,3,379.1,536.3,2886.4
2192,Algeria,Government of Algeria,"AIS, GIA",,1985-08-27,1991-12-09,4,3,379.1,536.3,2886.4
2193,Algeria,Government of Algeria,GIA,,1985-08-27,1991-12-09,4,3,379.1,536.3,2886.4
2194,Algeria,Government of Algeria,"AQIM, GIA",,1985-08-27,1991-12-09,4,3,379.1,536.3,2886.4
2195,Algeria,Government of Algeria,"AQIM, GIA",,1985-08-27,1991-12-09,4,3,379.1,536.3,2886.4
2196,Algeria,Government of Algeria,"AQIM, GIA",,1985-08-27,1991-12-09,4,3,379.1,536.3,2886.4
2197,Algeria,Government of Algeria,"AQIM, GIA",,1985-08-27,1991-12-09,4,3,379.1,536.3,2886.4
2198,Algeria,Government of Algeria,"AQIM, GIA",,1985-08-27,1991-12-09,4,3,379.1,536.3,2886.4
2199,United States of America,Government of United States of America,al-Qaida,,2001-09-11,2001-09-11,5,4,1092.54,1695.37,
2200,Algeria,Government of Algeria,AQIM,,1985-08-27,1991-12-09,4,3,379.1,536.3,2886.4
2201,Algeria,Government of Algeria,AQIM,,1985-08-27,1991-12-09,4,3,379.1,536.3,2886.4
2202,Algeria,Government of Algeria,AQIM,,1985-08-27,1991-12-09,4,3,379.1,536.3,2886.4
2203,Algeria,Government of Algeria,AQIM,,1985-08-27,1991-12-09,4,3,379.1,536.3,2886.4
2204,Algeria,Government of Algeria,AQIM,,1985-08-27,1991-12-09,4,3,379.1,536.3,2886.4
2205,Algeria,Government of Algeria,AQIM,,1985-08-27,1991-12-09,4,3,379.1,536.3,2886.4
2206,Algeria,Government of Algeria,AQIM,,1985-08-27,1991-12-09,4,3,379.1,536.3,2886.4
2207,Algeria,Government of Algeria,"AQIM, MUJAO",,1985-08-27,1991-12-09,4,3,379.1,536.3,2886.4
2208,Algeria,Government of Algeria,AQIM,,1985-08-27,1991-12-09,4,3,379.1,536.3,2886.4
2209,Algeria,Government of Algeria,AQIM,,1985-08-27,1991-12-09,4,3,379.1,536.3,2886.4
2210,Algeria,Government of Algeria,AQIM,,1985-08-27,1991-12-09,4,3,379.1,536.3,2886.4
2211,Algeria,Government of Algeria,AQIM,,1985-08-27,1991-12-09,4,3,379.1,536.3,2886.4
2212,Algeria,Government of Algeria,AQIM,,1985-08-27,1991-12-09,4,3,379.1,536.3,2886.4
2213,Algeria,Government of Algeria,AQIM,,1985-08-27,1991-12-09,4,3,379.1,536.3,2886.4
2214,Algeria,Government of Algeria,AQIM,,1985-08-27,2020-12-02,4,3,2446.3,6301.8857,21865.37
2215,Angola,Government of Angola,FLEC-R,Cabinda,1989-08-04,1991-12-31,4,3,419.34,592.65,3201.48
2216,Angola,Government of Angola,FLEC-FAC,Cabinda,1989-08-04,1991-12-31,4,3,419.34,592.65,3201.48
2217,Angola,Government of Angola,"FLEC-FAC, FLEC-R",Cabinda,1989-08-04,1994-12-31,4,3,459.27,751.96,3834.44
2218,Angola,Government of Angola,FLEC-FAC,Cabinda,1989-08-04,1994-12-31,4,3,459.27,751.96,3834.44
2219,Angola,Government of Angola,FLEC-FAC,Cabinda,1989-08-04,1994-12-31,4,3,459.27,751.96,3834.44
2220,Angola,Government of Angola,"FLEC-FAC, FLEC-R",Cabinda,1989-08-04,1994-12-31,4,3,459.27,751.96,3834.44
2221,Angola,Government of Angola,FLEC-FAC,Cabinda,1989-08-04,1994-12-31,4,3,459.27,751.96,3834.44
2222,Angola,Government of Angola,"FLEC-FAC, FLEC-R",Cabinda,1989-08-04,2002-11-12,4,3,909.83,1411.14,8579.09
2223,Angola,Government of Angola,FLEC-FAC,Cabinda,1989-08-04,2002-11-12,4,3,909.83,1411.14,8579.09
2224,Angola,Government of Angola,FLEC-FAC,Cabinda,1989-08-04,2002-11-12,4,3,909.83,1411.14,8579.09
2225,Angola,Government of Angola,FLEC-FAC,Cabinda,1989-08-04,2007-12-31,4,3,1478.49,2674.46,13365.87
2226,Angola,Government of Angola,FLEC-FAC,Cabinda,1989-08-04,2009-12-31,4,3,1144.98,2317.17,10618.19
2227,Angola,Government of Angola,FLEC-FAC-TN,Cabinda,1989-08-04,2016-12-31,4,3,2238.83,5383.12,19762.6
2228,Angola,Government of Angola,FLEC-FAC-TN,Cabinda,1989-08-04,2016-12-31,4,3,2238.83,5383.12,19762.6
2229,Angola,Government of Angola,FLEC-FAC-TN,Cabinda,1989-08-04,2019-12-31,4,3,2446.3,6301.8857,21865.37
2230,Angola,Government of Angola,FLEC-FAC-TN,Cabinda,1989-08-04,2019-12-31,4,3,2446.3,6301.8857,21865.37
2231,United States of America,Government of United States of America,al-Qaida,,2001-09-11,2019-07-31,5,4,2446.3,6301.8857,21865.37
2232,"Afghanistan, United Kingdom, United States of America",Government of Afghanistan,"Government of United Kingdom, Government of United States of America",,2001-10-07,2001-10-07,"1, 3, 5",2,1071.38,1605.3,9119.77
2233,"Australia, Iraq, United Kingdom, United States of America","Government of Australia, Government of United Kingdom, Government of United States of America",Government of Iraq,,2003-03-20,2003-03-23,"1, 2, 3, 5",2,895.89,1421.84,8521.97
2234,Azerbaijan,Government of Azerbaijan,Republic of Artsakh,Artsakh (Nagorno-Karabakh),1991-12-29,1991-12-30,1,3,406.46,565.71,3101.52
2235,"Djibouti, Eritrea",Government of Djibouti,Government of Eritrea,Common border,2008-06-10,2008-06-11,4,2,1357.5,2454.5,12307.35
2236,Mauritania,Government of Mauritania,AQIM,,2008-09-15,2010-09-18,4,4,1125.59,2315.61,10607.85
2237,Mali,Government of Mali,"Ansar Dine, AQIM, MUJAO, Signed-in-Blood Battalion",,2009-06-10,2012-01-24,4,4,1316.33,2816.55,12660.46
2238,Mali,Government of Mali,"al-Murabitun, AQIM",,2009-06-10,2012-01-24,4,4,1316.33,2816.55,12660.46
2239,Mali,Government of Mali,"Ansar Dine, AQIM",,2009-06-10,2012-01-24,4,4,1316.33,2816.55,12660.46
2240,Mali,Government of Mali,"Ansar Dine, AQIM",,2009-06-10,2012-01-24,4,4,1316.33,2816.55,12660.46
2241,Mali,Government of Mali,"AQIM, JNIM",,2009-06-10,2012-01-24,4,4,1316.33,2816.55,12660.46
2242,Mali,Government of Mali,JNIM,,2009-06-10,2012-01-24,4,4,1316.33,2816.55,12660.46
2243,Mali,Government of Mali,JNIM,,2009-06-10,2012-01-24,4,4,1316.33,2816.55,12660.46
2244,Mali,Government of Mali,JNIM,,2009-06-10,2012-01-24,4,4,1316.33,2816.55,12660.46
2245,Libya,Government of Libya,"Forces of Muammar Gaddafi, NTC",,2011-02-28,2011-03-04,4,4,1321.15,2784.67,12169.88
2246,Libya,Government of Libya,Forces of the House of Representatives,,2011-02-28,2019-02-21,4,4,2446.3,6301.8857,21865.37
2247,Bosnia-Herzegovina,Government of Bosnia-Herzegovina,"Serbian irregulars, Serbian Republic of Bosnia-Herzegovina",Serb,1992-04-27,1992-04-27,1,3,409.02,572.89,3324.46
2248,Bosnia-Herzegovina,Government of Bosnia-Herzegovina,"Serbian irregulars, Serbian Republic of Bosnia-Herzegovina",Serb,1992-04-27,1992-04-27,1,3,409.02,572.89,3324.46
2249,Libya,Government of Libya,Forces of the House of Representatives,,2011-02-28,2019-02-21,4,4,2446.3,6301.8857,21865.37
2250,South Sudan,Government of South Sudan,SPLM/A - IO,,2011-08-20,2011-08-20,4,4,1123.53,2341.84,10817.65
2251,Croatia,Government of Croatia,Serbian Republic of Krajina,Serb,1992-04-23,1995-05-01,1,3,514.71,843.98,4321.27
2252,Egypt,Government of Egypt,al-Gama'a al-Islamiyya,,1981-10-08,1993-03-10,2,3,449.83,692.78,3427.82
2253,Egypt,Government of Egypt,al-Gama'a al-Islamiyya,,1981-10-08,1993-03-10,2,3,449.83,692.78,3427.82
2254,Egypt,Government of Egypt,al-Gama'a al-Islamiyya,,1981-10-08,1993-03-10,2,3,449.83,692.78,3427.82
2255,Egypt,Government of Egypt,al-Gama'a al-Islamiyya,,1981-10-08,1993-03-10,2,3,449.83,692.78,3427.82
2256,Egypt,Government of Egypt,al-Gama'a al-Islamiyya,,1981-10-08,1993-03-10,2,3,449.83,692.78,3427.82
2257,Egypt,Government of Egypt,al-Gama'a al-Islamiyya,,1981-10-08,1993-03-10,2,3,449.83,692.78,3427.82
2258,Egypt,Government of Egypt,Ansar Bayt al-Maqdis,,1981-10-08,2014-04-24,2,3,1863.4,4075.56,16361.46
2259,Egypt,Government of Egypt,"Harakit Sawa'id Misr, Jama'at Ansar al-Islam",,1981-10-08,2017-07-14,2,3,2459.27,6312.47,21637.74
2260,Egypt,Government of Egypt,Harakit Sawa'id Misr,,1981-10-08,2017-07-14,2,3,2459.27,6312.47,21637.74
2261,Egypt,Government of Egypt,Harakit Sawa'id Misr,,1981-10-08,2017-07-14,2,3,2459.27,6312.47,21637.74
2262,Georgia,Government of Georgia,Republic of Abkhazia,Abkhazia,1992-08-14,1992-08-17,1,3,419.91,573.18,3328.94
2263,Georgia,Government of Georgia,Republic of Abkhazia,Abkhazia,1992-08-14,1992-08-17,1,3,419.91,573.18,3328.94
2264,Georgia,Government of Georgia,Republic of South Ossetia,South Ossetia,1992-05-12,1992-06-08,1,3,413.48,585.43,3398.69
2265,Georgia,Government of Georgia,Republic of South Ossetia,South Ossetia,1992-05-12,2004-08-19,1,3,1098.35,1838.02,10110.14
2266,South Sudan,Government of South Sudan,SPLM/A - IO,,2011-08-20,2011-08-20,4,4,1123.53,2341.84,10817.65
2267,Moldova,Government of Moldova,PMR,Dniestr,1992-03-01,1992-03-17,1,3,411.3,624.28,3276.39
2268,"South Sudan, Sudan",Government of South Sudan,Government of Sudan,Common border,2012-03-27,2012-03-27,4,2,1408.47,3091.57,13212.04
2269,Syria,Government of Syria,IS,Islamic State,2013-03-26,2013-07-25,2,4,1691.65,3613.16,15558.83
2270,Syria,Government of Syria,IS,Islamic State,2013-03-26,2013-07-25,2,4,1691.65,3613.16,15558.83
2271,Syria,Government of Syria,IS,Islamic State,2013-03-26,2013-07-25,2,4,1691.65,3613.16,15558.83
2272,Syria,Government of Syria,IS,Islamic State,2013-03-26,2013-07-25,2,4,1691.65,3613.16,15558.83
2273,Tajikistan,Government of Tajikistan,Forces of Khudoberdiyev,,1992-05-05,1992-05-10,3,3,416.05,585.76,3369.41
2274,Tajikistan,Government of Tajikistan,"Forces of Khudoberdiyev, UTO",,1992-05-05,1992-05-10,3,3,416.05,585.76,3369.41
2275,Tajikistan,Government of Tajikistan,Forces of Mullo Abdullo,,1992-05-05,2000-09-06,3,3,1494.5,3978.41,11220.65
2276,Tajikistan,Government of Tajikistan,"Forces of Mullo Abdullo, IMU",,1992-05-05,2010-09-09,3,3,1109.55,2242.48,10462.77
2277,Tajikistan,Government of Tajikistan,IMU,,1992-05-05,2010-09-09,3,3,1109.55,2242.48,10462.77
2278,Azerbaijan,Government of Azerbaijan,Military faction (forces of Suret Husseinov),,1992-05-15,1993-06-06,1,3,450.06,702.01,3545.14
2279,Azerbaijan,Government of Azerbaijan,OPON Forces,,1992-05-15,1995-03-17,1,3,495.52,808.33,4073.65
2280,Bosnia-Herzegovina,Government of Bosnia-Herzegovina,Autonomous Province of Western Bosnia,Bihaca Krajina,1992-06-28,1993-10-05,1,3,460.31,764.27,3584.74
2281,Bosnia-Herzegovina,Government of Bosnia-Herzegovina,Autonomous Province of Western Bosnia,Bihaca Krajina,1992-06-28,1993-10-05,1,3,460.31,764.27,3584.74
2282,Bosnia-Herzegovina,Government of Bosnia-Herzegovina,Autonomous Province of Western Bosnia,Bihaca Krajina,1992-06-28,1993-10-05,1,3,460.31,764.27,3584.74
2283,Syria,Government of Syria,IS,Islamic State,2013-03-26,2013-07-25,2,4,1691.65,3613.16,15558.83
2284,Bosnia-Herzegovina,Government of Bosnia-Herzegovina,"Croatian irregulars, Croatian Republic of Bosnia-Herzegovina",Croat,1992-05-27,1993-01-14,1,3,437.15,697.15,3271.12
2285,Russia (Soviet Union),Government of Russia (Soviet Union),Parliamentary Forces,,1991-08-20,1993-10-03,1,3,461.28,763.23,3581.11
2286,Mexico,Government of Mexico,EZLN,,1994-01-01,1994-01-01,5,3,466.45,776.8,3754.09
2287,Mexico,Government of Mexico,EPR,,1994-01-01,1996-08-30,5,3,651.99,1141.5,5616.21
2288,Russia (Soviet Union),Government of Russia (Soviet Union),Chechen Republic of Ichkeria,Chechnya,1994-05-27,1994-11-26,1,3,452.29,742.52,3708.27
2289,Russia (Soviet Union),Government of Russia (Soviet Union),Chechen Republic of Ichkeria,Chechnya,1994-05-27,1994-11-26,1,3,452.29,742.52,3708.27
2290,Russia (Soviet Union),Government of Russia (Soviet Union),Chechen Republic of Ichkeria,Chechnya,1994-05-27,1994-11-26,1,3,452.29,742.52,3708.27
2291,Russia (Soviet Union),Government of Russia (Soviet Union),Chechen Republic of Ichkeria,Chechnya,1994-05-27,1999-08-11,1,3,1327.68,2637.81,10973.65
2292,Russia (Soviet Union),Government of Russia (Soviet Union),Chechen Republic of Ichkeria,Chechnya,1994-05-27,1999-08-11,1,3,1327.68,2637.81,10973.65
2293,Russia (Soviet Union),Government of Russia (Soviet Union),Chechen Republic of Ichkeria,Chechnya,1994-05-27,1999-08-11,1,3,1327.68,2637.81,10973.65
2294,Russia (Soviet Union),Government of Russia (Soviet Union),Chechen Republic of Ichkeria,Chechnya,1994-05-27,1999-08-11,1,3,1327.68,2637.81,10973.65
2295,Russia (Soviet Union),Government of Russia (Soviet Union),Chechen Republic of Ichkeria,Chechnya,1994-05-27,1999-08-11,1,3,1327.68,2637.81,10973.65
2296,Russia (Soviet Union),Government of Russia (Soviet Union),Chechen Republic of Ichkeria,Chechnya,1994-05-27,1999-08-11,1,3,1327.68,2637.81,10973.65
2297,Russia (Soviet Union),Government of Russia (Soviet Union),Chechen Republic of Ichkeria,Chechnya,1994-05-27,1999-08-11,1,3,1327.68,2637.81,10973.65
2298,Russia (Soviet Union),Government of Russia (Soviet Union),Chechen Republic of Ichkeria,Chechnya,1994-05-27,1999-08-11,1,3,1327.68,2637.81,10973.65
2299,Russia (Soviet Union),Government of Russia (Soviet Union),Chechen Republic of Ichkeria,Chechnya,1994-05-27,1999-08-11,1,3,1327.68,2637.81,10973.65
2300,Yemen (North Yemen),Government of Yemen (North Yemen),Democratic Republic of Yemen,South Yemen,1994-02-21,1994-04-28,2,3,450.91,733.84,3681.69
2301,Syria,Government of Syria,IS,Islamic State,2013-03-26,2013-07-25,2,4,1691.65,3613.16,15558.83
2302,Pakistan,Government of Pakistan,MQM,,1990-02-11,1990-02-11,3,3,333.62,428.8,2648.2
2303,Pakistan,Government of Pakistan,MQM,,1990-02-11,1994-05-03,3,3,447.82,732.86,3669.5
2304,Pakistan,Government of Pakistan,MQM,,1990-02-11,1994-05-03,3,3,447.82,732.86,3669.5
2305,Pakistan,Government of Pakistan,MQM,,1990-02-11,1994-05-03,3,3,447.82,732.86,3669.5
2306,Pakistan,Government of Pakistan,TTP,,1990-02-11,2007-07-15,3,3,1552.5,2707.0,13907.25
2307,Pakistan,Government of Pakistan,TTP,,1990-02-11,2007-07-15,3,3,1552.5,2707.0,13907.25
2308,Pakistan,Government of Pakistan,"Lashkar-e-Islam, TTP",,1990-02-11,2007-07-15,3,3,1552.5,2707.0,13907.25
2309,Pakistan,Government of Pakistan,"Lashkar-e-Islam, TTP",,1990-02-11,2007-07-15,3,3,1552.5,2707.0,13907.25
2310,Pakistan,Government of Pakistan,TTP,,1990-02-11,2007-07-15,3,3,1552.5,2707.0,13907.25
2311,Pakistan,Government of Pakistan,"Lashkar-e-Islam, TTP, TTP - TA",,1990-02-11,2007-07-15,3,3,1552.5,2707.0,13907.25
2312,Pakistan,Government of Pakistan,"Lashkar-e-Islam, TTP",,1990-02-11,2007-07-15,3,3,1552.5,2707.0,13907.25
2313,Pakistan,Government of Pakistan,"IMU, Jamaat-ul-Ahrar, Lashkar-e-Islam, TTP",,1990-02-11,2007-07-15,3,3,1552.5,2707.0,13907.25
2314,Ukraine,Government of Ukraine,DPR,Donetsk,2014-04-12,2014-05-02,1,4,1881.14,4123.9,16512.89
2315,Ukraine,Government of Ukraine,LPR,Lugansk,2014-05-04,2014-06-14,1,4,1936.16,4310.65,16775.74
2316,Ukraine,Government of Ukraine,United Armed Forces of Novorossiya,Novorossiya,2014-09-17,2014-09-25,1,4,1982.85,4512.19,17113.15
2317,Ukraine,Government of Ukraine,"DPR, LPR, United Armed Forces of Novorossiya",Novorossiya,2014-09-17,2014-09-25,1,4,1982.85,4512.19,17113.15
2318,Pakistan,Government of Pakistan,TTP,,1990-02-11,2007-07-15,3,3,1552.5,2707.0,13907.25
2319,Pakistan,Government of Pakistan,TTP,,1990-02-11,2007-07-15,3,3,1552.5,2707.0,13907.25
2320,Ukraine,Government of Ukraine,"DPR, LPR",Novorossiya,2014-09-17,2014-09-25,1,4,1982.85,4512.19,17113.15
2321,Niger,Government of Niger,FDR,Eastern Niger,1995-03-23,1995-07-10,4,3,556.37,969.76,4702.73
2322,Comoros,Government of Comoros,MPA/Republic of Anjouan,Anjouan,1997-09-03,1997-09-05,4,3,929.05,1635.77,7822.41
2323,Congo,Government of Congo,Ninjas,,1993-11-03,1993-11-11,4,3,465.39,779.32,3684.51
2324,Ukraine,Government of Ukraine,"DPR, LPR",Novorossiya,2014-09-17,2014-09-25,1,4,1982.85,4512.19,17113.15
2325,Ukraine,Government of Ukraine,"DPR, LPR",Novorossiya,2014-09-17,2014-09-25,1,4,1982.85,4512.19,17113.15
2326,Ukraine,Government of Ukraine,"DPR, LPR",Novorossiya,2014-09-17,2014-09-25,1,4,1982.85,4512.19,17113.15
2327,Ukraine,Government of Ukraine,"DPR, LPR",Novorossiya,2014-09-17,2014-09-25,1,4,1982.85,4512.19,17113.15
2328,Congo,Government of Congo,Ntsiloulous,,1993-11-03,2016-04-05,4,3,2047.6,4850.69,17576.96
2329,Afghanistan,Government of Afghanistan,IS,Islamic State,2015-02-09,2015-03-03,3,4,2071.26,4927.37,17856.78
2330,Afghanistan,Government of Afghanistan,IS,Islamic State,2015-02-09,2015-03-03,3,4,2071.26,4927.37,17856.78
2331,Afghanistan,Government of Afghanistan,IS,Islamic State,2015-02-09,2015-03-03,3,4,2071.26,4927.37,17856.78
2332,Afghanistan,Government of Afghanistan,IS,Islamic State,2015-02-09,2015-03-03,3,4,2071.26,4927.37,17856.78
2333,Afghanistan,Government of Afghanistan,IS,Islamic State,2015-02-09,2015-03-03,3,4,2071.26,4927.37,17856.78
2334,Afghanistan,Government of Afghanistan,IS,Islamic State,2015-02-09,2015-03-03,3,4,2071.26,4927.37,17856.78
2335,Kenya,Government of Kenya,Al-Shabaab,Northeastern Province and Coast,2015-03-13,2015-07-13,4,4,2076.62,4997.7,17760.41
2336,Serbia (Yugoslavia),Government of Serbia (Yugoslavia),UCK,Kosovo,1996-04-22,1998-03-06,1,3,1055.69,1753.49,8569.39
2337,Kenya,Government of Kenya,Al-Shabaab,Northeastern Province and Coast,2015-03-13,2015-07-13,4,4,2076.62,4997.7,17760.41
2373,Russia (Soviet Union),Government of Russia (Soviet Union),Wahhabi movement of the Buinaksk district,Dagestan,1999-08-29,1999-09-02,1,3,1357.24,2843.11,11078.45
2374,Uzbekistan,Government of Uzbekistan,IMU,,1999-02-16,1999-03-30,3,3,1293.72,2493.37,9832.51
2375,Libya,Government of Libya,IS,Islamic State,2015-03-14,2015-03-18,4,4,2108.1,5026.42,18127.65
2376,Uzbekistan,Government of Uzbekistan,JIG,,1999-02-16,2004-03-30,3,3,1141.81,2057.17,10470.59
2377,Libya,Government of Libya,IS,Islamic State,2015-03-14,2015-03-18,4,4,2108.1,5026.42,18127.65
2378,Central African Republic,Government of Central African Republic,Forces of Francois Bozize,,2001-05-27,2001-06-01,4,3,1260.67,2149.44,10990.41
2379,Libya,Government of Libya,IS,Islamic State,2015-03-14,2015-03-18,4,4,2108.1,5026.42,18127.65
2380,Central African Republic,Government of Central African Republic,CPJP,,2001-05-27,2009-11-26,4,3,1091.49,2138.44,10309.92
2381,Central African Republic,Government of Central African Republic,CPJP,,2001-05-27,2009-11-26,4,3,1091.49,2138.44,10309.92
2382,Central African Republic,Government of Central African Republic,CPJP,,2001-05-27,2009-11-26,4,3,1091.49,2138.44,10309.92
2383,Libya,Government of Libya,IS,Islamic State,2015-03-14,2015-03-18,4,4,2108.1,5026.42,18127.65
2384,Nigeria,Government of Nigeria,IS,Islamic State,2015-03-15,2015-03-22,4,4,2108.1,5026.42,18127.65
2385,Central African Republic,Government of Central African Republic,UPC (Ali Darass Fulani supporters),,2001-05-27,2018-05-17,4,3,2446.3,6301.8857,21865.37
2386,Central African Republic,Government of Central African Republic,UPC (Ali Darass Fulani supporters),,2001-05-27,2018-05-17,4,3,2446.3,6301.8857,21865.37
2387,Nigeria,Government of Nigeria,IS,Islamic State,2015-03-15,2015-03-22,4,4,2108.1,5026.42,18127.65
2388,North Macedonia,Government of North Macedonia,UCK,,2000-01-11,2001-05-03,1,3,1266.61,2191.53,10951.24
2389,Nigeria,Government of Nigeria,IS,Islamic State,2015-03-15,2015-03-22,4,4,2108.1,5026.42,18127.65
2390,Nigeria,Government of Nigeria,IS,Islamic State,2015-03-15,2015-03-22,4,4,2108.1,5026.42,18127.65
2391,Nigeria,Government of Nigeria,IS,Islamic State,2015-03-15,2015-03-22,4,4,2108.1,5026.42,18127.65
2392,Nigeria,Government of Nigeria,IS,Islamic State,2015-03-15,2015-03-22,4,4,2108.1,5026.42,18127.65
2393,Cameroon,Government of Cameroon,IS,Islamic State,2015-03-19,2015-08-11,4,4,2091.54,5048.24,17477.4
2394,Cameroon,Government of Cameroon,IS,Islamic State,2015-03-19,2019-04-27,4,4,2446.3,6301.8857,21865.37
2395,Niger,Government of Niger,IS,Islamic State,2015-03-26,2015-03-30,4,4,2066.96,4886.94,17763.24
2396,Niger,Government of Niger,IS,Islamic State,2015-03-26,2015-03-30,4,4,2066.96,4886.94,17763.24
2397,Niger,Government of Niger,IS,Islamic State,2015-03-26,2015-03-30,4,4,2066.96,4886.94,17763.24
2398,Niger,Government of Niger,IS,Islamic State,2015-03-26,2015-03-30,4,4,2066.96,4886.94,17763.24
2399,Niger,Government of Niger,IS,Islamic State,2015-03-26,2015-03-30,4,4,2066.96,4886.94,17763.24
2400,Niger,Government of Niger,IS,Islamic State,2015-03-26,2015-03-30,4,4,2066.96,4886.94,17763.24
2401,Mali,Government of Mali,IS,Islamic State,2017-02-04,2017-07-09,4,4,2425.18,6153.08,21414.34
2402,Mali,Government of Mali,IS,Islamic State,2017-02-04,2017-07-09,4,4,2425.18,6153.08,21414.34
2403,Mali,Government of Mali,IS,Islamic State,2017-02-04,2017-07-09,4,4,2425.18,6153.08,21414.34
2404,Mali,Government of Mali,IS,Islamic State,2017-02-04,2017-07-09,4,4,2425.18,6153.08,21414.34
2407,Ivory Coast,Government of Ivory Coast,"MPCI, MPIGO",,2002-09-19,2002-09-20,4,3,845.39,1221.09,7986.02
2408,Ivory Coast,Government of Ivory Coast,"MJP, MPIGO",,2002-09-19,2002-09-20,4,3,845.39,1221.09,7986.02
2409,Ivory Coast,Government of Ivory Coast,FRCI,,2002-09-19,2002-09-20,4,3,845.39,1221.09,7986.02
2410,Ivory Coast,Government of Ivory Coast,"FDSI-CI, FRCI",,2002-09-19,2011-02-25,4,3,1319.88,2781.05,12130.45
2412,India,Government of India,ABSU,Bodoland,1989-02-16,1989-03-16,3,3,292.69,402.2,2292.14
2413,India,Government of India,ABSU,Bodoland,1989-02-16,1989-03-16,3,3,292.69,402.2,2292.14
2414,India,Government of India,NDFB,Bodoland,1989-02-16,1994-07-23,3,3,453.11,716.68,3735.04
2415,India,Government of India,NDFB,Bodoland,1989-02-16,1996-10-28,3,3,700.92,1222.6,6007.02
2416,India,Government of India,NDFB,Bodoland,1989-02-16,1996-10-28,3,3,700.92,1222.6,6007.02
2417,India,Government of India,NDFB,Bodoland,1989-02-16,1996-10-28,3,3,700.92,1222.6,6007.02
2418,India,Government of India,NDFB,Bodoland,1989-02-16,1996-10-28,3,3,700.92,1222.6,6007.02
2419,India,Government of India,NDFB,Bodoland,1989-02-16,2001-08-04,3,3,1214.35,2066.33,10512.78
2420,India,Government of India,NDFB,Bodoland,1989-02-16,2001-08-04,3,3,1214.35,2066.33,10512.78
2421,India,Government of India,NDFB,Bodoland,1989-02-16,2001-08-04,3,3,1214.35,2066.33,10512.78
2422,India,Government of India,NDFB,Bodoland,1989-02-16,2001-08-04,3,3,1214.35,2066.33,10512.78
2423,India,Government of India,NDFB - RD,Bodoland,1989-02-16,2009-06-11,3,3,946.21,1858.8,8799.26
2424,India,Government of India,NDFB - RD,Bodoland,1989-02-16,2009-06-11,3,3,946.21,1858.8,8799.26
2425,India,Government of India,NDFB-S,Bodoland,1989-02-16,2013-12-11,3,3,1775.32,4000.98,15755.36
2426,India,Government of India,NDFB-S,Bodoland,1989-02-16,2013-12-11,3,3,1775.32,4000.98,15755.36
2427,Myanmar (Burma),Government of Myanmar (Burma),UWSA,Wa,1997-03-16,1997-03-16,3,3,793.17,1292.97,6935.46
2446,Nigeria,Government of Nigeria,Ahlul Sunnah Jamaa,Northern Nigeria,2003-12-22,2004-01-06,4,3,1121.86,2086.92,10458.89
2447,Nigeria,Government of Nigeria,NDPVF,Niger Delta,2004-06-04,2004-06-04,4,3,1122.5,1978.62,10242.82
2448,Israel,Government of Israel,Hezbollah,Southern Lebanon,1986-09-30,1990-07-10,2,3,367.31,468.4,2980.2
2449,Israel,Government of Israel,Hezbollah,Southern Lebanon,1986-09-30,1990-07-10,2,3,367.31,468.4,2980.2
2450,Israel,Government of Israel,Hezbollah,Southern Lebanon,1986-09-30,1990-07-10,2,3,367.31,468.4,2980.2
2451,Israel,Government of Israel,Hezbollah,Southern Lebanon,1986-09-30,1990-07-10,2,3,367.31,468.4,2980.2
2452,Israel,Government of Israel,Hezbollah,Southern Lebanon,1986-09-30,1990-07-10,2,3,367.31,468.4,2980.2
2453,Israel,Government of Israel,Hezbollah,Southern Lebanon,1986-09-30,1990-07-10,2,3,367.31,468.4,2980.2
2454,Israel,Government of Israel,Hezbollah,Southern Lebanon,1986-09-30,1990-07-10,2,3,367.31,468.4,2980.2
2455,Israel,Government of Israel,Hezbollah,Southern Lebanon,1986-09-30,1990-07-10,2,3,367.31,468.4,2980.2
2456,Israel,Government of Israel,Hezbollah,Southern Lebanon,1986-09-30,1990-07-10,2,3,367.31,468.4,2980.2
2457,Israel,Government of Israel,Hezbollah,Southern Lebanon,1986-09-30,1990-07-10,2,3,367.31,468.4,2980.2
2458,Israel,Government of Israel,Hezbollah,Southern Lebanon,1986-09-30,2006-07-13,2,3,1236.2,2037.35,10739.35
2464,DR Congo (Zaire),Government of DR Congo (Zaire),BDK,Kongo Kingdom,1998-07-02,2007-02-01,4,3,1448.39,2475.88,12653.49
2465,DR Congo (Zaire),Government of DR Congo (Zaire),BDK,Kongo Kingdom,1998-07-02,2007-02-01,4,3,1448.39,2475.88,12653.49
2468,Niger,Government of Niger,FLAA,,1991-10-25,1991-12-31,4,3,419.34,592.65,3201.48
2469,Niger,Government of Niger,FLAA,,1991-10-25,1991-12-31,4,3,419.34,592.65,3201.48
2470,Niger,Government of Niger,UFRA,,1991-10-25,1997-10-19,4,3,944.16,1666.85,7847.03
2471,Niger,Government of Niger,MNJ,,1991-10-25,2007-04-30,4,3,1494.07,2557.21,13120.94
2472,Niger,Government of Niger,MNJ,,1991-10-25,2007-04-30,4,3,1494.07,2557.21,13120.94
2474,Russia (Soviet Union),Government of Russia (Soviet Union),Forces of the Caucasus Emirate,Caucasus Emirate,2007-10-07,2007-11-28,1,3,1481.14,2660.96,13371.72
2475,Russia (Soviet Union),Government of Russia (Soviet Union),Forces of the Caucasus Emirate,Caucasus Emirate,2007-10-07,2007-11-28,1,3,1481.14,2660.96,13371.72
2476,Russia (Soviet Union),Government of Russia (Soviet Union),Forces of the Caucasus Emirate,Caucasus Emirate,2007-10-07,2007-11-28,1,3,1481.14,2660.96,13371.72
2477,Russia (Soviet Union),Government of Russia (Soviet Union),Forces of the Caucasus Emirate,Caucasus Emirate,2007-10-07,2007-11-28,1,3,1481.14,2660.96,13371.72
2478,Russia (Soviet Union),Government of Russia (Soviet Union),Forces of the Caucasus Emirate,Caucasus Emirate,2007-10-07,2007-11-28,1,3,1481.14,2660.96,13371.72
2479,Russia (Soviet Union),Government of Russia (Soviet Union),Forces of the Caucasus Emirate,Caucasus Emirate,2007-10-07,2007-11-28,1,3,1481.14,2660.96,13371.72
2480,Russia (Soviet Union),Government of Russia (Soviet Union),Forces of the Caucasus Emirate,Caucasus Emirate,2007-10-07,2007-11-28,1,3,1481.14,2660.96,13371.72
2481,Russia (Soviet Union),Government of Russia (Soviet Union),Forces of the Caucasus Emirate,Caucasus Emirate,2007-10-07,2007-11-28,1,3,1481.14,2660.96,13371.72
2482,Russia (Soviet Union),Government of Russia (Soviet Union),Forces of the Caucasus Emirate,Caucasus Emirate,2007-10-07,2007-11-28,1,3,1481.14,2660.96,13371.72
2483,India,Government of India,PULF,Islamic State,2000-06-20,2008-12-22,3,3,887.88,1564.32,8579.11
2485,Ethiopia,Government of Ethiopia,SALF,"Arssi, Bale & Sidamo",1977-12-31,1977-12-31,4,3,95.1,105.05,831.17
2486,Ethiopia,Government of Ethiopia,SALF,"Arssi, Bale & Sidamo",1977-12-31,1977-12-31,4,3,95.1,105.05,831.17
2487,Ethiopia,Government of Ethiopia,SALF,"Arssi, Bale & Sidamo",1977-12-31,1977-12-31,4,3,95.1,105.05,831.17
2488,Ethiopia,Government of Ethiopia,SALF,"Arssi, Bale & Sidamo",1977-12-31,1977-12-31,4,4,95.1,105.05,831.17
2489,Ethiopia,Government of Ethiopia,SLM,Sidamaland,1981-03-21,1981-03-21,4,3,134.08,206.29,992.8
2490,Ethiopia,Government of Ethiopia,SLM,Sidamaland,1981-03-21,1983-03-16,4,3,149.9,265.01,1117.74
2491,Myanmar (Burma),Government of Myanmar (Burma),MNDAA,Kokang,2009-08-27,2009-08-29,3,3,1028.93,2028.77,9544.2
2492,Myanmar (Burma),Government of Myanmar (Burma),MNDAA,Kokang,2009-08-27,2014-12-22,3,3,2070.65,4765.38,17804.8
2493,Myanmar (Burma),Government of Myanmar (Burma),MNDAA,Kokang,2009-08-27,2014-12-22,3,3,2070.65,4765.38,17804.8
2494,Myanmar (Burma),Government of Myanmar (Burma),MNDAA,Kokang,2009-08-27,2017-03-06,3,3,2383.12,5870.75,21005.71
