,location,side_a,start_date,start_date2,region,region name,type_of_conflict,type_of_conflict_name,S&P_500,NASDAQ,Dow_Jones,Year,Month
13,Gambia,Government of Gambia,7/30/1981,7/30/1981,4,Africa,4,Internationalized Intrastate ,130.92,211.63,952.34,1981,7
18,Somalia,Government of Somalia,1/18/1982,10/24/2006,4,Africa,4,Internationalized Intrastate ,1377.34,2350.62,12090.26,1982,1
19,Somalia,Government of Somalia,1/18/1982,10/24/2006,4,Africa,4,Internationalized Intrastate ,1377.34,2350.62,12090.26,1982,1
22,Somalia,Government of Somalia,1/18/1982,10/24/2006,4,Africa,4,Internationalized Intrastate ,1377.34,2350.62,12090.26,1982,1
23,Somalia,Government of Somalia,1/18/1982,10/24/2006,4,Africa,4,Internationalized Intrastate ,1377.34,2350.62,12090.26,1982,1
24,Somalia,Government of Somalia,1/18/1982,10/24/2006,4,Africa,4,Internationalized Intrastate ,1377.34,2350.62,12090.26,1982,1
25,Somalia,Government of Somalia,1/18/1982,10/24/2006,4,Africa,4,Internationalized Intrastate ,1377.34,2350.62,12090.26,1982,1
26,Somalia,Government of Somalia,1/18/1982,10/24/2006,4,Africa,4,Internationalized Intrastate ,1377.34,2350.62,12090.26,1982,1
27,Somalia,Government of Somalia,1/18/1982,10/24/2006,4,Africa,4,Internationalized Intrastate ,1377.34,2350.62,12090.26,1982,1
28,Somalia,Government of Somalia,1/18/1982,10/24/2006,4,Africa,4,Internationalized Intrastate ,1377.34,2350.62,12090.26,1982,1
29,Somalia,Government of Somalia,1/18/1982,10/24/2006,4,Africa,4,Internationalized Intrastate ,1377.34,2350.62,12090.26,1982,1
30,Somalia,Government of Somalia,1/18/1982,10/24/2006,4,Africa,4,Internationalized Intrastate ,1377.34,2350.62,12090.26,1982,1
48,Somalia,Government of Somalia,1/18/1982,10/24/2006,4,Africa,4,Internationalized Intrastate ,1377.34,2350.62,12090.26,1982,1
49,Somalia,Government of Somalia,1/18/1982,10/24/2006,4,Africa,4,Internationalized Intrastate ,1377.34,2350.62,12090.26,1982,1
50,Somalia,Government of Somalia,1/18/1982,10/24/2006,4,Africa,4,Internationalized Intrastate ,1377.34,2350.62,12090.26,1982,1
51,Somalia,Government of Somalia,1/18/1982,10/24/2006,4,Africa,4,Internationalized Intrastate ,1377.34,2350.62,12090.26,1982,1
66,Algeria,Government of Algeria,8/27/1985,12/9/1991,4,Africa,4,Internationalized Intrastate ,379.1,536.3,2886.4,1985,8
69,Burkina Faso,Government of Burkina Faso,10/15/1987,5/22/2018,4,Africa,4,Internationalized Intrastate ,2446.3,6301.8857,21865.37,1987,10
70,Burkina Faso,Government of Burkina Faso,10/15/1987,5/22/2018,4,Africa,4,Internationalized Intrastate ,2446.3,6301.8857,21865.37,1987,10
72,Burkina Faso,Government of Burkina Faso,10/15/1987,5/22/2018,4,Africa,4,Internationalized Intrastate ,2446.3,6301.8857,21865.37,1987,10
74,Pakistan,Government of Pakistan,2/11/1990,7/15/2007,3,Asia,4,Internationalized Intrastate ,1552.5,2707,13907.25,1990,2
75,Pakistan,Government of Pakistan,2/11/1990,7/15/2007,3,Asia,4,Internationalized Intrastate ,1552.5,2707,13907.25,1990,2
76,Pakistan,Government of Pakistan,2/11/1990,7/15/2007,3,Asia,4,Internationalized Intrastate ,1552.5,2707,13907.25,1990,2
77,Pakistan,Government of Pakistan,2/11/1990,7/15/2007,3,Asia,4,Internationalized Intrastate ,1552.5,2707,13907.25,1990,2
78,Mali,Government of Mali,6/28/1990,5/17/2014,4,Africa,4,Internationalized Intrastate ,1877.86,4090.59,16491.31,1990,6
82,Rwanda,Government of Rwanda,10/1/1990,10/3/1990,4,Africa,4,Internationalized Intrastate ,311.5,347.4,2510.64,1990,10
83,Rwanda,Government of Rwanda,10/1/1990,2/16/2009,4,Africa,4,Internationalized Intrastate ,826.84,1534.36,7850.41,1990,10
84,Rwanda,Government of Rwanda,10/1/1990,2/16/2009,4,Africa,4,Internationalized Intrastate ,826.84,1534.36,7850.41,1990,10
85,Rwanda,Government of Rwanda,10/1/1990,2/16/2009,4,Africa,4,Internationalized Intrastate ,826.84,1534.36,7850.41,1990,10
86,Rwanda,Government of Rwanda,10/1/1990,2/16/2009,4,Africa,4,Internationalized Intrastate ,826.84,1534.36,7850.41,1990,10
92,Rwanda,Government of Rwanda,10/1/1990,3/29/2016,4,Africa,4,Internationalized Intrastate ,2072.78,4914.54,17792.75,1990,10
93,Rwanda,Government of Rwanda,10/1/1990,12/15/2018,4,Africa,4,Internationalized Intrastate ,2446.3,6301.8857,21865.37,1990,10
94,Rwanda,Government of Rwanda,10/1/1990,12/15/2018,4,Africa,4,Internationalized Intrastate ,2446.3,6301.8857,21865.37,1990,10
95,Rwanda,Government of Rwanda,10/1/1990,12/15/2018,4,Africa,4,Internationalized Intrastate ,2446.3,6301.8857,21865.37,1990,10
96,Sierra Leone,Government of Sierra Leone,3/23/1991,4/1/1991,4,Africa,4,Internationalized Intrastate ,375.36,495.79,2896.78,1991,3
97,Sierra Leone,Government of Sierra Leone,3/23/1991,4/1/1991,4,Africa,4,Internationalized Intrastate ,375.36,495.79,2896.78,1991,3
105,Sierra Leone,Government of Sierra Leone,3/23/1991,4/1/1991,4,Africa,4,Internationalized Intrastate ,375.36,495.79,2896.78,1991,3
106,Sierra Leone,Government of Sierra Leone,3/23/1991,4/1/1991,4,Africa,4,Internationalized Intrastate ,375.36,495.79,2896.78,1991,3
122,Sierra Leone,Government of Sierra Leone,3/23/1991,4/1/1991,4,Africa,4,Internationalized Intrastate ,375.36,495.79,2896.78,1991,3
124,Sierra Leone,Government of Sierra Leone,3/23/1991,4/1/1991,4,Africa,4,Internationalized Intrastate ,375.36,495.79,2896.78,1991,3
125,Sierra Leone,Government of Sierra Leone,3/23/1991,4/1/1991,4,Africa,4,Internationalized Intrastate ,375.36,495.79,2896.78,1991,3
126,Sierra Leone,Government of Sierra Leone,3/23/1991,4/1/1991,4,Africa,4,Internationalized Intrastate ,375.36,495.79,2896.78,1991,3
127,Sierra Leone,Government of Sierra Leone,3/23/1991,4/1/1991,4,Africa,4,Internationalized Intrastate ,375.36,495.79,2896.78,1991,3
131,Sierra Leone,Government of Sierra Leone,3/23/1991,4/1/1991,4,Africa,4,Internationalized Intrastate ,375.36,495.79,2896.78,1991,3
132,Azerbaijan,Government of Azerbaijan,12/29/1991,12/30/1991,1,Europe,4,Internationalized Intrastate ,406.46,565.71,3101.52,1991,12
142,Azerbaijan,Government of Azerbaijan,12/29/1991,12/30/1991,1,Europe,4,Internationalized Intrastate ,406.46,565.71,3101.52,1991,12
143,Azerbaijan,Government of Azerbaijan,12/29/1991,12/30/1991,1,Europe,4,Internationalized Intrastate ,406.46,565.71,3101.52,1991,12
144,Azerbaijan,Government of Azerbaijan,12/29/1991,4/20/1997,1,Europe,4,Internationalized Intrastate ,766.34,1222.57,6703.55,1991,12
145,Azerbaijan,Government of Azerbaijan,12/29/1991,4/20/1997,1,Europe,4,Internationalized Intrastate ,766.34,1222.57,6703.55,1991,12
146,Azerbaijan,Government of Azerbaijan,12/29/1991,12/5/2005,1,Europe,4,Internationalized Intrastate ,1265.08,2273.37,10877.51,1991,12
147,Azerbaijan,Government of Azerbaijan,12/29/1991,12/31/2008,1,Europe,4,Internationalized Intrastate ,931.8,1632.21,9034.69,1991,12
155,Azerbaijan,Government of Azerbaijan,12/29/1991,9/25/2012,1,Europe,4,Internationalized Intrastate ,1440.67,3116.23,13437.13,1991,12
156,Azerbaijan,Government of Azerbaijan,12/29/1991,8/1/2014,1,Europe,4,Internationalized Intrastate ,1925.15,4352.64,16493.37,1991,12
157,Azerbaijan,Government of Azerbaijan,12/29/1991,8/1/2014,1,Europe,4,Internationalized Intrastate ,1925.15,4352.64,16493.37,1991,12
158,Azerbaijan,Government of Azerbaijan,12/29/1991,8/1/2014,1,Europe,4,Internationalized Intrastate ,1925.15,4352.64,16493.37,1991,12
159,Azerbaijan,Government of Azerbaijan,12/29/1991,8/1/2014,1,Europe,4,Internationalized Intrastate ,1925.15,4352.64,16493.37,1991,12
173,Mozambique,Government of Mozambique,12/31/1977,12/31/1977,4,Africa,4,Internationalized Intrastate ,95.1,105.05,831.17,1977,12
174,Mozambique,Government of Mozambique,12/31/1977,12/31/1977,4,Africa,4,Internationalized Intrastate ,95.1,105.05,831.17,1977,12
175,Mozambique,Government of Mozambique,12/31/1977,12/31/1977,4,Africa,4,Internationalized Intrastate ,95.1,105.05,831.17,1977,12
176,Mozambique,Government of Mozambique,12/31/1977,12/31/1977,4,Africa,4,Internationalized Intrastate ,95.1,105.05,831.17,1977,12
177,Mozambique,Government of Mozambique,12/31/1977,12/31/1977,4,Africa,4,Internationalized Intrastate ,95.1,105.05,831.17,1977,12
178,Mozambique,Government of Mozambique,12/31/1977,12/31/1977,4,Africa,4,Internationalized Intrastate ,95.1,105.05,831.17,1977,12
220,Azerbaijan,Government of Azerbaijan,12/29/1991,9/27/2020,1,Europe,4,Internationalized Intrastate ,2446.3,6301.8857,21865.37,1991,12
221,Croatia,Government of Croatia,4/23/1992,4/30/1992,1,Europe,4,Internationalized Intrastate ,412.53,578.14,3336.09,1992,4
222,Croatia,Government of Croatia,4/23/1992,4/30/1992,1,Europe,4,Internationalized Intrastate ,412.53,578.14,3336.09,1992,4
223,Bosnia-Herzegovina,Government of Bosnia-Herzegovina,4/27/1992,4/27/1992,1,Europe,4,Internationalized Intrastate ,409.02,572.89,3324.46,1992,4
224,Bosnia-Herzegovina,Government of Bosnia-Herzegovina,4/27/1992,4/27/1992,1,Europe,4,Internationalized Intrastate ,409.02,572.89,3324.46,1992,4
225,Tajikistan,Government of Tajikistan,5/5/1992,5/10/1992,3,Asia,4,Internationalized Intrastate ,416.05,585.76,3369.41,1992,5
226,Tajikistan,Government of Tajikistan,5/5/1992,5/10/1992,3,Asia,4,Internationalized Intrastate ,416.05,585.76,3369.41,1992,5
227,Tajikistan,Government of Tajikistan,5/5/1992,5/10/1992,3,Asia,4,Internationalized Intrastate ,416.05,585.76,3369.41,1992,5
228,Tajikistan,Government of Tajikistan,5/5/1992,5/10/1992,3,Asia,4,Internationalized Intrastate ,416.05,585.76,3369.41,1992,5
229,Tajikistan,Government of Tajikistan,5/5/1992,5/10/1992,3,Asia,4,Internationalized Intrastate ,416.05,585.76,3369.41,1992,5
230,Georgia,Government of Georgia,5/12/1992,8/12/2008,1,Europe,4,Internationalized Intrastate ,1298.19,2452.52,11659.9,1992,5
231,Bosnia-Herzegovina,Government of Bosnia-Herzegovina,5/27/1992,1/14/1993,1,Europe,4,Internationalized Intrastate ,437.15,697.15,3271.12,1992,5
232,Congo,Government of Congo,11/3/1993,6/6/1997,4,Africa,4,Internationalized Intrastate ,858.01,1404.84,7435.78,1993,11
233,Congo,Government of Congo,11/3/1993,6/6/1997,4,Africa,4,Internationalized Intrastate ,858.01,1404.84,7435.78,1993,11
234,Congo,Government of Congo,11/3/1993,6/6/1997,4,Africa,4,Internationalized Intrastate ,858.01,1404.84,7435.78,1993,11
246,Congo,Government of Congo,11/3/1993,4/10/2002,4,Africa,4,Internationalized Intrastate ,1111.01,1756.19,10190.82,1993,11
278,Serbia (Yugoslavia),Government of Serbia (Yugoslavia),4/22/1996,3/6/1998,1,Europe,4,Internationalized Intrastate ,1055.69,1753.49,8569.39,1996,4
334,Guinea-Bissau,Government of Guinea-Bissau,6/7/1998,6/7/1998,4,Africa,4,Internationalized Intrastate ,1113.86,1782.92,9037.71,1998,6
335,Guinea-Bissau,Government of Guinea-Bissau,6/7/1998,6/7/1998,4,Africa,4,Internationalized Intrastate ,1113.86,1782.92,9037.71,1998,6
336,DR Congo (Zaire),Government of DR Congo (Zaire),7/2/1998,8/7/2017,4,Africa,4,Internationalized Intrastate ,2476.83,6351.56,22092.81,1998,7
337,DR Congo (Zaire),Government of DR Congo (Zaire),7/2/1998,4/22/2020,4,Africa,4,Internationalized Intrastate ,2446.3,6301.8857,21865.37,1998,7
398,Lesotho,Government of Lesotho,9/3/1998,9/22/1998,4,Africa,4,Internationalized Intrastate ,1044.75,1743.59,8028.77,1998,9
406,Uzbekistan,Government of Uzbekistan,2/16/1999,3/30/1999,3,Asia,4,Internationalized Intrastate ,1293.72,2493.37,9832.51,1999,2
407,Central African Republic,Government of Central African Republic,5/27/2001,6/1/2001,4,Africa,4,Internationalized Intrastate ,1260.67,2149.44,10990.41,2001,5
416,Central African Republic,Government of Central African Republic,5/27/2001,11/28/2006,4,Africa,4,Internationalized Intrastate ,1396.71,2413.21,12194.13,2001,5
418,Central African Republic,Government of Central African Republic,5/27/2001,11/26/2009,4,Africa,4,Internationalized Intrastate ,1091.49,2138.44,10309.92,2001,5
430,Central African Republic,Government of Central African Republic,5/27/2001,11/26/2009,4,Africa,4,Internationalized Intrastate ,1091.49,2138.44,10309.92,2001,5
431,Central African Republic,Government of Central African Republic,5/27/2001,5/17/2018,4,Africa,4,Internationalized Intrastate ,2446.3,6301.8857,21865.37,2001,5
432,United States of America,Government of United States of America,9/11/2001,9/11/2001,5,Americas,4,Internationalized Intrastate ,1092.54,1695.37,,2001,9
433,United States of America,Government of United States of America,9/11/2001,9/11/2001,5,Americas,4,Internationalized Intrastate ,1092.54,1695.37,,2001,9
434,United States of America,Government of United States of America,9/11/2001,9/11/2001,5,Americas,4,Internationalized Intrastate ,1092.54,1695.37,,2001,9
435,United States of America,Government of United States of America,9/11/2001,9/11/2001,5,Americas,4,Internationalized Intrastate ,1092.54,1695.37,,2001,9
436,United States of America,Government of United States of America,9/11/2001,9/11/2001,5,Americas,4,Internationalized Intrastate ,1092.54,1695.37,,2001,9
437,United States of America,Government of United States of America,9/11/2001,9/11/2001,5,Americas,4,Internationalized Intrastate ,1092.54,1695.37,,2001,9
463,United States of America,Government of United States of America,9/11/2001,9/11/2001,5,Americas,4,Internationalized Intrastate ,1092.54,1695.37,,2001,9
464,United States of America,Government of United States of America,9/11/2001,9/11/2001,5,Americas,4,Internationalized Intrastate ,1092.54,1695.37,,2001,9
465,United States of America,Government of United States of America,9/11/2001,9/11/2001,5,Americas,4,Internationalized Intrastate ,1092.54,1695.37,,2001,9
466,United States of America,Government of United States of America,9/11/2001,9/11/2001,5,Americas,4,Internationalized Intrastate ,1092.54,1695.37,,2001,9
467,United States of America,Government of United States of America,9/11/2001,9/11/2001,5,Americas,4,Internationalized Intrastate ,1092.54,1695.37,,2001,9
468,United States of America,Government of United States of America,9/11/2001,9/11/2001,5,Americas,4,Internationalized Intrastate ,1092.54,1695.37,,2001,9
469,United States of America,Government of United States of America,9/11/2001,9/11/2001,5,Americas,4,Internationalized Intrastate ,1092.54,1695.37,,2001,9
470,United States of America,Government of United States of America,9/11/2001,9/11/2001,5,Americas,4,Internationalized Intrastate ,1092.54,1695.37,,2001,9
471,United States of America,Government of United States of America,9/11/2001,9/11/2001,5,Americas,4,Internationalized Intrastate ,1092.54,1695.37,,2001,9
472,United States of America,Government of United States of America,9/11/2001,9/11/2001,5,Americas,4,Internationalized Intrastate ,1092.54,1695.37,,2001,9
495,United States of America,Government of United States of America,9/11/2001,9/11/2001,5,Americas,4,Internationalized Intrastate ,1092.54,1695.37,,2001,9
527,United States of America,Government of United States of America,9/11/2001,7/31/2019,5,Americas,4,Internationalized Intrastate ,2446.3,6301.8857,21865.37,2001,9
532,Mauritania,Government of Mauritania,9/15/2008,9/18/2010,4,Africa,4,Internationalized Intrastate ,1125.59,2315.61,10607.85,2008,9
533,Mali,Government of Mali,6/10/2009,1/24/2012,4,Africa,4,Internationalized Intrastate ,1316.33,2816.55,12660.46,2009,6
534,Mali,Government of Mali,6/10/2009,1/24/2012,4,Africa,4,Internationalized Intrastate ,1316.33,2816.55,12660.46,2009,6
535,Mali,Government of Mali,6/10/2009,1/24/2012,4,Africa,4,Internationalized Intrastate ,1316.33,2816.55,12660.46,2009,6
536,Mali,Government of Mali,6/10/2009,1/24/2012,4,Africa,4,Internationalized Intrastate ,1316.33,2816.55,12660.46,2009,6
537,Mali,Government of Mali,6/10/2009,1/24/2012,4,Africa,4,Internationalized Intrastate ,1316.33,2816.55,12660.46,2009,6
538,Mali,Government of Mali,6/10/2009,1/24/2012,4,Africa,4,Internationalized Intrastate ,1316.33,2816.55,12660.46,2009,6
539,Mali,Government of Mali,6/10/2009,1/24/2012,4,Africa,4,Internationalized Intrastate ,1316.33,2816.55,12660.46,2009,6
540,Mali,Government of Mali,6/10/2009,1/24/2012,4,Africa,4,Internationalized Intrastate ,1316.33,2816.55,12660.46,2009,6
541,Libya,Government of Libya,2/28/2011,3/4/2011,4,Africa,4,Internationalized Intrastate ,1321.15,2784.67,12169.88,2011,2
542,Libya,Government of Libya,2/28/2011,2/21/2019,4,Africa,4,Internationalized Intrastate ,2446.3,6301.8857,21865.37,2011,2
545,Libya,Government of Libya,2/28/2011,2/21/2019,4,Africa,4,Internationalized Intrastate ,2446.3,6301.8857,21865.37,2011,2
546,South Sudan,Government of South Sudan,8/20/2011,8/20/2011,4,Africa,4,Internationalized Intrastate ,1123.53,2341.84,10817.65,2011,8
562,South Sudan,Government of South Sudan,8/20/2011,8/20/2011,4,Africa,4,Internationalized Intrastate ,1123.53,2341.84,10817.65,2011,8
565,Syria,Government of Syria,3/26/2013,7/25/2013,2,Middle East,4,Internationalized Intrastate ,1691.65,3613.16,15558.83,2013,3
566,Syria,Government of Syria,3/26/2013,7/25/2013,2,Middle East,4,Internationalized Intrastate ,1691.65,3613.16,15558.83,2013,3
567,Syria,Government of Syria,3/26/2013,7/25/2013,2,Middle East,4,Internationalized Intrastate ,1691.65,3613.16,15558.83,2013,3
568,Syria,Government of Syria,3/26/2013,7/25/2013,2,Middle East,4,Internationalized Intrastate ,1691.65,3613.16,15558.83,2013,3
579,Syria,Government of Syria,3/26/2013,7/25/2013,2,Middle East,4,Internationalized Intrastate ,1691.65,3613.16,15558.83,2013,3
597,Syria,Government of Syria,3/26/2013,7/25/2013,2,Middle East,4,Internationalized Intrastate ,1691.65,3613.16,15558.83,2013,3
610,Ukraine,Government of Ukraine,4/12/2014,5/2/2014,1,Europe,4,Internationalized Intrastate ,1881.14,4123.9,16512.89,2014,4
611,Ukraine,Government of Ukraine,5/4/2014,6/14/2014,1,Europe,4,Internationalized Intrastate ,1936.16,4310.65,16775.74,2014,5
612,Ukraine,Government of Ukraine,9/17/2014,9/25/2014,1,Europe,4,Internationalized Intrastate ,1982.85,4512.19,17113.15,2014,9
613,Ukraine,Government of Ukraine,9/17/2014,9/25/2014,1,Europe,4,Internationalized Intrastate ,1982.85,4512.19,17113.15,2014,9
616,Ukraine,Government of Ukraine,9/17/2014,9/25/2014,1,Europe,4,Internationalized Intrastate ,1982.85,4512.19,17113.15,2014,9
620,Ukraine,Government of Ukraine,9/17/2014,9/25/2014,1,Europe,4,Internationalized Intrastate ,1982.85,4512.19,17113.15,2014,9
621,Ukraine,Government of Ukraine,9/17/2014,9/25/2014,1,Europe,4,Internationalized Intrastate ,1982.85,4512.19,17113.15,2014,9
622,Ukraine,Government of Ukraine,9/17/2014,9/25/2014,1,Europe,4,Internationalized Intrastate ,1982.85,4512.19,17113.15,2014,9
623,Ukraine,Government of Ukraine,9/17/2014,9/25/2014,1,Europe,4,Internationalized Intrastate ,1982.85,4512.19,17113.15,2014,9
625,Afghanistan,Government of Afghanistan,2/9/2015,3/3/2015,3,Asia,4,Internationalized Intrastate ,2071.26,4927.37,17856.78,2015,2
626,Afghanistan,Government of Afghanistan,2/9/2015,3/3/2015,3,Asia,4,Internationalized Intrastate ,2071.26,4927.37,17856.78,2015,2
627,Afghanistan,Government of Afghanistan,2/9/2015,3/3/2015,3,Asia,4,Internationalized Intrastate ,2071.26,4927.37,17856.78,2015,2
628,Afghanistan,Government of Afghanistan,2/9/2015,3/3/2015,3,Asia,4,Internationalized Intrastate ,2071.26,4927.37,17856.78,2015,2
629,Afghanistan,Government of Afghanistan,2/9/2015,3/3/2015,3,Asia,4,Internationalized Intrastate ,2071.26,4927.37,17856.78,2015,2
630,Afghanistan,Government of Afghanistan,2/9/2015,3/3/2015,3,Asia,4,Internationalized Intrastate ,2071.26,4927.37,17856.78,2015,2
631,Kenya,Government of Kenya,3/13/2015,7/13/2015,4,Africa,4,Internationalized Intrastate ,2076.62,4997.7,17760.41,2015,3
633,Kenya,Government of Kenya,3/13/2015,7/13/2015,4,Africa,4,Internationalized Intrastate ,2076.62,4997.7,17760.41,2015,3
636,Libya,Government of Libya,3/14/2015,3/18/2015,4,Africa,4,Internationalized Intrastate ,2108.1,5026.42,18127.65,2015,3
638,Libya,Government of Libya,3/14/2015,3/18/2015,4,Africa,4,Internationalized Intrastate ,2108.1,5026.42,18127.65,2015,3
640,Libya,Government of Libya,3/14/2015,3/18/2015,4,Africa,4,Internationalized Intrastate ,2108.1,5026.42,18127.65,2015,3
644,Libya,Government of Libya,3/14/2015,3/18/2015,4,Africa,4,Internationalized Intrastate ,2108.1,5026.42,18127.65,2015,3
645,Nigeria,Government of Nigeria,3/15/2015,3/22/2015,4,Africa,4,Internationalized Intrastate ,2108.1,5026.42,18127.65,2015,3
648,Nigeria,Government of Nigeria,3/15/2015,3/22/2015,4,Africa,4,Internationalized Intrastate ,2108.1,5026.42,18127.65,2015,3
650,Nigeria,Government of Nigeria,3/15/2015,3/22/2015,4,Africa,4,Internationalized Intrastate ,2108.1,5026.42,18127.65,2015,3
651,Nigeria,Government of Nigeria,3/15/2015,3/22/2015,4,Africa,4,Internationalized Intrastate ,2108.1,5026.42,18127.65,2015,3
652,Nigeria,Government of Nigeria,3/15/2015,3/22/2015,4,Africa,4,Internationalized Intrastate ,2108.1,5026.42,18127.65,2015,3
653,Nigeria,Government of Nigeria,3/15/2015,3/22/2015,4,Africa,4,Internationalized Intrastate ,2108.1,5026.42,18127.65,2015,3
654,Cameroon,Government of Cameroon,3/19/2015,8/11/2015,4,Africa,4,Internationalized Intrastate ,2091.54,5048.24,17477.4,2015,3
655,Cameroon,Government of Cameroon,3/19/2015,4/27/2019,4,Africa,4,Internationalized Intrastate ,2446.3,6301.8857,21865.37,2015,3
656,Niger,Government of Niger,3/26/2015,3/30/2015,4,Africa,4,Internationalized Intrastate ,2066.96,4886.94,17763.24,2015,3
657,Niger,Government of Niger,3/26/2015,3/30/2015,4,Africa,4,Internationalized Intrastate ,2066.96,4886.94,17763.24,2015,3
658,Niger,Government of Niger,3/26/2015,3/30/2015,4,Africa,4,Internationalized Intrastate ,2066.96,4886.94,17763.24,2015,3
659,Niger,Government of Niger,3/26/2015,3/30/2015,4,Africa,4,Internationalized Intrastate ,2066.96,4886.94,17763.24,2015,3
660,Niger,Government of Niger,3/26/2015,3/30/2015,4,Africa,4,Internationalized Intrastate ,2066.96,4886.94,17763.24,2015,3
661,Niger,Government of Niger,3/26/2015,3/30/2015,4,Africa,4,Internationalized Intrastate ,2066.96,4886.94,17763.24,2015,3
662,Mali,Government of Mali,2/4/2017,7/9/2017,4,Africa,4,Internationalized Intrastate ,2425.18,6153.08,21414.34,2017,2
663,Mali,Government of Mali,2/4/2017,7/9/2017,4,Africa,4,Internationalized Intrastate ,2425.18,6153.08,21414.34,2017,2
664,Mali,Government of Mali,2/4/2017,7/9/2017,4,Africa,4,Internationalized Intrastate ,2425.18,6153.08,21414.34,2017,2
665,Mali,Government of Mali,2/4/2017,7/9/2017,4,Africa,4,Internationalized Intrastate ,2425.18,6153.08,21414.34,2017,2
719,Ethiopia,Government of Ethiopia,12/31/1977,12/31/1977,4,Africa,4,Internationalized Intrastate ,95.1,105.05,831.17,1977,12
6,"Tanzania, Uganda",Government of Tanzania,11/11/1978,11/15/1978,4,Africa,2,Interstate ,94.42,113.69,797.73,1978,11
7,"Afghanistan, Russia (Soviet Union)",Government of Afghanistan,12/27/1979,12/27/1979,"1, 3",Asia,2,Interstate ,107.84,150.83,838.91,1979,12
52,"Argentina, United Kingdom",Government of Argentina,4/2/1982,5/2/1982,"1, 5",Americas,2,Interstate ,116.44,184.7,848.36,1982,4
53,"Laos, Thailand",Government of Laos,6/16/1982,12/31/1986,3,Asia,2,Interstate ,246.45,353.2,1927.31,1982,6
54,"Laos, Thailand",Government of Laos,6/16/1982,12/31/1986,3,Asia,2,Interstate ,246.45,353.2,1927.31,1982,6
55,"Laos, Thailand",Government of Laos,6/16/1982,12/31/1986,3,Asia,2,Interstate ,246.45,353.2,1927.31,1982,6
56,"Chad, Nigeria",Government of Chad,4/18/1983,4/24/1983,4,Africa,2,Interstate ,160.42,288.55,1196.3,1983,4
65,"Grenada, United States of America",Government of Grenada,10/25/1983,10/25/1983,5,Americas,2,Interstate ,163.37,276.14,1223.48,1983,10
67,"Burkina Faso, Mali",Government of Burkina Faso,12/25/1985,12/26/1985,4,Africa,2,Interstate ,209.61,322.8,1543,1985,12
68,"Chad, Libya",Government of Chad,8/8/1987,8/8/1987,4,Africa,2,Interstate ,323,443.6,2592,1987,8
73,"Panama, United States of America",Government of Panama,12/16/1989,12/23/1989,5,Americas,2,Interstate ,347.42,444.6,2711.39,1989,12
80,"Iraq, Kuwait",Government of Iraq,8/2/1990,8/2/1990,2,Middle East,2,Interstate ,344.86,417.5,2809.65,1990,8
81,"Iraq, Kuwait",Government of Iraq,8/2/1990,8/2/1990,2,Middle East,2,Interstate ,344.86,417.5,2809.65,1990,8
254,"Cameroon, Nigeria",Government of Cameroon,2/18/1994,5/7/1996,4,Africa,2,Interstate ,652.09,1202.76,5518.14,1994,2
277,"Ecuador, Peru",Government of Ecuador,1/26/1995,1/31/1995,5,Americas,2,Interstate ,478.65,772.06,3928.64,1995,1
326,"Eritrea, Ethiopia",Government of Eritrea,5/6/1998,5/31/1998,4,Africa,2,Interstate ,1090.82,1778.87,8899.95,1998,5
327,"Eritrea, Ethiopia",Government of Eritrea,5/6/1998,5/31/1998,4,Africa,2,Interstate ,1090.82,1778.87,8899.95,1998,5
328,"Eritrea, Ethiopia",Government of Eritrea,5/6/1998,5/31/1998,4,Africa,2,Interstate ,1090.82,1778.87,8899.95,1998,5
329,"Eritrea, Ethiopia",Government of Eritrea,5/6/1998,6/13/2016,4,Africa,2,Interstate ,2096.07,4894.55,17865.34,1998,5
528,"Afghanistan, United Kingdom, United States of America",Government of Afghanistan,10/7/2001,10/7/2001,"1, 3, 5",Asia,2,Interstate ,1071.38,1605.3,9119.77,2001,10
529,"Australia, Iraq, United Kingdom, United States of America","Government of Australia, Government of United Kingdom, Government of United States of America",3/20/2003,3/23/2003,"1, 2, 3, 5",Americas,2,Interstate ,895.89,1421.84,8521.97,2003,3
531,"Djibouti, Eritrea",Government of Djibouti,6/10/2008,6/11/2008,4,Africa,2,Interstate ,1357.5,2454.5,12307.35,2008,6
564,"South Sudan, Sudan",Government of South Sudan,3/27/2012,3/27/2012,4,Africa,2,Interstate ,1408.47,3091.57,13212.04,2012,3
0,India,Government of India,5/29/1997,11/15/2012,3,Asia,3,Intrastate ,1359.88,2853.13,12588.31,1997,5
1,India,Government of India,5/29/1997,7/1/2014,3,Asia,3,Intrastate ,1985.44,4485.93,17068.26,1997,5
2,Sudan,Government of Sudan,5/1/2011,5/19/2011,4,Africa,3,Intrastate ,1333.27,2803.32,12512.04,2011,5
3,South Sudan,Government of South Sudan,8/20/2011,8/20/2011,4,Africa,3,Intrastate ,1123.53,2341.84,10817.65,2011,8
4,South Sudan,Government of South Sudan,8/20/2011,8/20/2011,4,Africa,3,Intrastate ,1123.53,2341.84,10817.65,2011,8
5,South Sudan,Government of South Sudan,8/20/2011,8/20/2011,4,Africa,3,Intrastate ,1123.53,2341.84,10817.65,2011,8
8,South Sudan,Government of South Sudan,8/20/2011,8/20/2011,4,Africa,3,Intrastate ,1123.53,2341.84,10817.65,2011,8
9,South Sudan,Government of South Sudan,8/20/2011,8/20/2011,4,Africa,3,Intrastate ,1123.53,2341.84,10817.65,2011,8
10,South Sudan,Government of South Sudan,8/20/2011,8/20/2011,4,Africa,3,Intrastate ,1123.53,2341.84,10817.65,2011,8
11,South Sudan,Government of South Sudan,8/20/2011,8/20/2011,4,Africa,3,Intrastate ,1123.53,2341.84,10817.65,2011,8
12,South Sudan,Government of South Sudan,8/20/2011,8/20/2011,4,Africa,3,Intrastate ,1123.53,2341.84,10817.65,2011,8
14,Libya,Government of Libya,2/28/2011,11/29/2013,4,Africa,3,Intrastate ,1805.81,4059.89,16086.41,2011,2
15,Libya,Government of Libya,2/28/2011,11/29/2013,4,Africa,3,Intrastate ,1805.81,4059.89,16086.41,2011,2
16,Libya,Government of Libya,2/28/2011,11/29/2013,4,Africa,3,Intrastate ,1805.81,4059.89,16086.41,2011,2
17,Libya,Government of Libya,2/28/2011,5/18/2017,4,Africa,3,Intrastate ,2381.73,6083.7,20804.84,2011,2
20,Mali,Government of Mali,6/10/2009,6/16/2009,4,Africa,3,Intrastate ,921.23,1827.47,8539.73,2009,6
21,Mali,Government of Mali,6/10/2009,1/24/2012,4,Africa,3,Intrastate ,1316.33,2816.55,12660.46,2009,6
31,China,Government of China,4/5/1990,8/10/2008,3,Asia,3,Intrastate ,1296.31,2414.1,11734.32,1990,4
32,Bangladesh,Government of Bangladesh,4/24/1994,2/8/2005,3,Asia,3,Intrastate ,1205.3,2076.66,10796.01,1994,4
33,Bangladesh,Government of Bangladesh,4/24/1994,2/8/2005,3,Asia,3,Intrastate ,1205.3,2076.66,10796.01,1994,4
34,Ethiopia,Government of Ethiopia,10/10/1991,10/10/1991,4,Africa,3,Intrastate ,381.45,519.05,2983.68,1991,10
35,Myanmar (Burma),Government of Myanmar (Burma),12/31/1991,12/31/1991,3,Asia,3,Intrastate ,419.34,592.65,3201.48,1991,12
36,Myanmar (Burma),Government of Myanmar (Burma),12/31/1991,4/17/1995,3,Asia,3,Intrastate ,508.49,823.44,4270.09,1991,12
37,Myanmar (Burma),Government of Myanmar (Burma),12/31/1991,2/28/2000,3,Asia,3,Intrastate ,1333.36,4590.5,9862.12,1991,12
38,Myanmar (Burma),Government of Myanmar (Burma),12/31/1991,2/28/2000,3,Asia,3,Intrastate ,1333.36,4590.5,9862.12,1991,12
39,Myanmar (Burma),Government of Myanmar (Burma),12/31/1991,1/31/2005,3,Asia,3,Intrastate ,1171.36,2035.83,10427.2,1991,12
40,Myanmar (Burma),Government of Myanmar (Burma),12/31/1991,1/31/2005,3,Asia,3,Intrastate ,1171.36,2035.83,10427.2,1991,12
41,Myanmar (Burma),Government of Myanmar (Burma),12/31/1991,1/31/2005,3,Asia,3,Intrastate ,1171.36,2035.83,10427.2,1991,12
42,Malaysia,Government of Malaysia,3/1/2013,3/2/2013,3,Asia,3,Intrastate ,1518.2,3169.74,14089.66,2013,3
43,Syria,Government of Syria,9/10/2011,9/7/2012,2,Middle East,3,Intrastate ,1437.92,3136.42,13306.64,2011,9
44,Syria,Government of Syria,9/10/2011,9/7/2012,2,Middle East,3,Intrastate ,1437.92,3136.42,13306.64,2011,9
45,Syria,Government of Syria,9/10/2011,9/7/2012,2,Middle East,3,Intrastate ,1437.92,3136.42,13306.64,2011,9
46,Syria,Government of Syria,9/10/2011,9/7/2012,2,Middle East,3,Intrastate ,1437.92,3136.42,13306.64,2011,9
47,Ukraine,Government of Ukraine,1/22/2014,2/18/2014,1,Europe,3,Intrastate ,1836.25,4263.41,16103.3,2014,1
57,Russia (Soviet Union),Government of Russia (Soviet Union),3/21/2015,8/1/2015,1,Europe,3,Intrastate ,2103.84,5128.28,17689.86,2015,3
58,Russia (Soviet Union),Government of Russia (Soviet Union),3/21/2015,8/1/2015,1,Europe,3,Intrastate ,2103.84,5128.28,17689.86,2015,3
59,Russia (Soviet Union),Government of Russia (Soviet Union),3/21/2015,8/1/2015,1,Europe,3,Intrastate ,2103.84,5128.28,17689.86,2015,3
60,Russia (Soviet Union),Government of Russia (Soviet Union),3/21/2015,8/1/2015,1,Europe,3,Intrastate ,2103.84,5128.28,17689.86,2015,3
61,Russia (Soviet Union),Government of Russia (Soviet Union),3/21/2015,8/1/2015,1,Europe,3,Intrastate ,2103.84,5128.28,17689.86,2015,3
62,Russia (Soviet Union),Government of Russia (Soviet Union),3/21/2015,8/1/2015,1,Europe,3,Intrastate ,2103.84,5128.28,17689.86,2015,3
63,Syria,Government of Syria,3/26/2013,7/25/2013,2,Middle East,3,Intrastate ,1691.65,3613.16,15558.83,2013,3
64,Syria,Government of Syria,3/26/2013,7/25/2013,2,Middle East,3,Intrastate ,1691.65,3613.16,15558.83,2013,3
71,Mali,Government of Mali,1/5/2015,6/27/2015,4,Africa,3,Intrastate ,2101.49,5080.51,17946.68,2015,1
79,Cameroon,Government of Cameroon,3/19/2015,8/11/2015,4,Africa,3,Intrastate ,2091.54,5048.24,17477.4,2015,3
87,Chad,Government of Chad,5/27/2015,5/27/2015,4,Africa,3,Intrastate ,2107.39,5070.03,18010.68,2015,5
88,Chad,Government of Chad,5/27/2015,5/5/2017,4,Africa,3,Intrastate ,2399.29,6100.76,21006.94,2015,5
89,Chad,Government of Chad,5/27/2015,5/5/2017,4,Africa,3,Intrastate ,2399.29,6100.76,21006.94,2015,5
90,Chad,Government of Chad,5/27/2015,5/5/2017,4,Africa,3,Intrastate ,2399.29,6100.76,21006.94,2015,5
91,Chad,Government of Chad,5/27/2015,5/5/2017,4,Africa,3,Intrastate ,2399.29,6100.76,21006.94,2015,5
98,Yemen (North Yemen),Government of Yemen (North Yemen),3/20/2015,3/20/2015,2,Middle East,3,Intrastate ,2108.1,5026.42,18127.65,2015,3
99,Yemen (North Yemen),Government of Yemen (North Yemen),3/20/2015,5/18/2017,2,Middle East,3,Intrastate ,2381.73,6083.7,20804.84,2015,3
100,Yemen (North Yemen),Government of Yemen (North Yemen),3/20/2015,8/20/2020,2,Middle East,3,Intrastate ,2446.3,6301.8857,21865.37,2015,3
101,Kenya,Government of Kenya,3/13/2015,7/13/2015,4,Africa,3,Intrastate ,2076.62,4997.7,17760.41,2015,3
102,Kenya,Government of Kenya,3/13/2015,7/13/2015,4,Africa,3,Intrastate ,2076.62,4997.7,17760.41,2015,3
103,Kenya,Government of Kenya,3/13/2015,7/13/2015,4,Africa,3,Intrastate ,2076.62,4997.7,17760.41,2015,3
104,Kenya,Government of Kenya,3/13/2015,7/13/2015,4,Africa,3,Intrastate ,2076.62,4997.7,17760.41,2015,3
107,Egypt,Government of Egypt,11/16/2014,1/29/2015,2,Middle East,3,Intrastate ,1994.99,4635.24,17164.95,2014,11
108,Egypt,Government of Egypt,11/16/2014,1/29/2015,2,Middle East,3,Intrastate ,1994.99,4635.24,17164.95,2014,11
109,Egypt,Government of Egypt,11/16/2014,1/29/2015,2,Middle East,3,Intrastate ,1994.99,4635.24,17164.95,2014,11
110,Egypt,Government of Egypt,11/16/2014,1/29/2015,2,Middle East,3,Intrastate ,1994.99,4635.24,17164.95,2014,11
111,Egypt,Government of Egypt,11/16/2014,1/29/2015,2,Middle East,3,Intrastate ,1994.99,4635.24,17164.95,2014,11
112,Egypt,Government of Egypt,11/16/2014,1/29/2015,2,Middle East,3,Intrastate ,1994.99,4635.24,17164.95,2014,11
113,India,Government of India,4/19/2015,6/4/2015,3,Asia,3,Intrastate ,2092.83,5068.46,17849.46,2015,4
114,India,Government of India,4/19/2015,6/4/2015,3,Asia,3,Intrastate ,2092.83,5068.46,17849.46,2015,4
115,India,Government of India,4/19/2015,6/4/2015,3,Asia,3,Intrastate ,2092.83,5068.46,17849.46,2015,4
116,India,Government of India,4/19/2015,6/4/2015,3,Asia,3,Intrastate ,2092.83,5068.46,17849.46,2015,4
117,Bangladesh,Government of Bangladesh,11/4/2015,8/29/2016,3,Asia,3,Intrastate ,2169.04,5218.92,18395.4,2015,11
118,Bangladesh,Government of Bangladesh,11/4/2015,8/29/2016,3,Asia,3,Intrastate ,2169.04,5218.92,18395.4,2015,11
119,Lebanon,Government of Lebanon,6/25/2014,8/3/2014,2,Middle East,3,Intrastate ,1925.15,4352.64,16493.37,2014,6
120,Lebanon,Government of Lebanon,6/25/2014,8/3/2014,2,Middle East,3,Intrastate ,1925.15,4352.64,16493.37,2014,6
121,Lebanon,Government of Lebanon,6/25/2014,8/19/2017,2,Middle East,3,Intrastate ,2425.55,6216.53,21674.51,2014,6
123,Libya,Government of Libya,3/14/2015,3/18/2015,4,Africa,3,Intrastate ,2108.1,5026.42,18127.65,2015,3
128,Algeria,Government of Algeria,10/10/2014,5/20/2015,4,Africa,3,Intrastate ,2126.06,5089.36,18232.02,2014,10
129,Syria,Government of Syria,12/6/2015,4/23/2016,2,Middle East,3,Intrastate ,2091.58,4906.23,18003.75,2015,12
130,Syria,Government of Syria,12/6/2015,9/8/2018,2,Middle East,3,Intrastate ,2446.3,6301.8857,21865.37,2015,12
133,Jordan,Government of Jordan,3/2/2016,12/18/2016,2,Middle East,3,Intrastate ,2258.07,5437.16,19843.41,2016,3
134,Turkey,Government of Turkey,7/23/2015,11/14/2015,2,Middle East,3,Intrastate ,2023.04,4927.88,17245.24,2015,7
135,Turkey,Government of Turkey,7/23/2015,11/14/2015,2,Middle East,3,Intrastate ,2023.04,4927.88,17245.24,2015,7
136,Turkey,Government of Turkey,7/23/2015,11/14/2015,2,Middle East,3,Intrastate ,2023.04,4927.88,17245.24,2015,7
137,Pakistan,Government of Pakistan,2/12/2016,10/24/2016,3,Asia,3,Intrastate ,2141.16,5257.4,18145.71,2016,2
138,Pakistan,Government of Pakistan,2/12/2016,10/24/2016,3,Asia,3,Intrastate ,2141.16,5257.4,18145.71,2016,2
139,Pakistan,Government of Pakistan,2/12/2016,10/24/2016,3,Asia,3,Intrastate ,2141.16,5257.4,18145.71,2016,2
140,Pakistan,Government of Pakistan,2/12/2016,10/24/2016,3,Asia,3,Intrastate ,2141.16,5257.4,18145.71,2016,2
141,Somalia,Government of Somalia,7/18/2016,5/15/2018,4,Africa,3,Intrastate ,2446.3,6301.8857,21865.37,2016,7
148,Iran,Government of Iran,8/15/2016,6/11/2017,2,Middle East,3,Intrastate ,2431.77,6207.92,21271.97,2016,8
149,Philippines,Government of Philippines,6/1/2016,6/1/2016,3,Asia,3,Intrastate ,2099.13,4942.52,17807.06,2016,6
150,Philippines,Government of Philippines,6/1/2016,6/1/2016,3,Asia,3,Intrastate ,2099.13,4942.52,17807.06,2016,6
151,Philippines,Government of Philippines,6/1/2016,6/1/2016,3,Asia,3,Intrastate ,2099.13,4942.52,17807.06,2016,6
152,Philippines,Government of Philippines,6/1/2016,6/1/2016,3,Asia,3,Intrastate ,2099.13,4942.52,17807.06,2016,6
153,Philippines,Government of Philippines,6/1/2016,6/1/2016,3,Asia,3,Intrastate ,2099.13,4942.52,17807.06,2016,6
154,Tunisia,Government of Tunisia,3/18/2015,3/7/2016,4,Africa,3,Intrastate ,1999.99,4717.02,17006.77,2015,3
160,Guinea,Government of Guinea,9/1/2000,9/17/2000,4,Africa,3,Intrastate ,1465.81,3835.23,10927,2000,9
161,Guinea,Government of Guinea,9/1/2000,9/17/2000,4,Africa,3,Intrastate ,1465.81,3835.23,10927,2000,9
162,Eritrea,Government of Eritrea,12/16/1993,6/30/1997,4,Africa,3,Intrastate ,916.92,1467.61,7895.81,1993,12
163,Eritrea,Government of Eritrea,12/16/1993,4/4/1999,4,Africa,3,Intrastate ,1293.72,2493.37,9832.51,1993,12
164,Eritrea,Government of Eritrea,12/16/1993,7/17/2003,4,Africa,3,Intrastate ,993.32,1708.5,9188.15,1993,12
165,Mozambique,Government of Mozambique,12/31/1977,12/31/1977,4,Africa,3,Intrastate ,95.1,105.05,831.17,1977,12
166,Mozambique,Government of Mozambique,12/31/1977,12/31/1977,4,Africa,3,Intrastate ,95.1,105.05,831.17,1977,12
167,Mozambique,Government of Mozambique,12/31/1977,12/31/1977,4,Africa,3,Intrastate ,95.1,105.05,831.17,1977,12
168,Mozambique,Government of Mozambique,12/31/1977,12/31/1977,4,Africa,3,Intrastate ,95.1,105.05,831.17,1977,12
169,Mozambique,Government of Mozambique,12/31/1977,12/31/1977,4,Africa,3,Intrastate ,95.1,105.05,831.17,1977,12
170,Mozambique,Government of Mozambique,12/31/1977,12/31/1977,4,Africa,3,Intrastate ,95.1,105.05,831.17,1977,12
171,Mozambique,Government of Mozambique,12/31/1977,12/31/1977,4,Africa,3,Intrastate ,95.1,105.05,831.17,1977,12
172,Mozambique,Government of Mozambique,12/31/1977,12/31/1977,4,Africa,3,Intrastate ,95.1,105.05,831.17,1977,12
179,Mozambique,Government of Mozambique,12/31/1977,12/31/1977,4,Africa,3,Intrastate ,95.1,105.05,831.17,1977,12
180,Mozambique,Government of Mozambique,12/31/1977,12/31/1977,4,Africa,3,Intrastate ,95.1,105.05,831.17,1977,12
181,Mozambique,Government of Mozambique,12/31/1977,10/12/2013,4,Africa,3,Intrastate ,1703.2,3791.87,15237.11,1977,12
182,Mozambique,Government of Mozambique,12/31/1977,10/12/2013,4,Africa,3,Intrastate ,1703.2,3791.87,15237.11,1977,12
183,Mozambique,Government of Mozambique,12/31/1977,4/10/2016,4,Africa,3,Intrastate ,2047.6,4850.69,17576.96,1977,12
184,Mozambique,Government of Mozambique,12/31/1977,7/10/2018,4,Africa,3,Intrastate ,2446.3,6301.8857,21865.37,1977,12
185,Mozambique,Government of Mozambique,12/31/1977,7/10/2018,4,Africa,3,Intrastate ,2446.3,6301.8857,21865.37,1977,12
186,India,Government of India,7/9/1979,12/31/1979,3,Asia,3,Intrastate ,107.84,150.83,838.91,1979,7
187,India,Government of India,7/9/1979,12/31/1979,3,Asia,3,Intrastate ,107.84,150.83,838.91,1979,7
188,India,Government of India,7/9/1979,12/31/1979,3,Asia,3,Intrastate ,107.84,150.83,838.91,1979,7
189,India,Government of India,7/9/1979,12/31/1979,3,Asia,3,Intrastate ,107.84,150.83,838.91,1979,7
190,India,Government of India,7/9/1979,12/31/1979,3,Asia,3,Intrastate ,107.84,150.83,838.91,1979,7
191,India,Government of India,7/9/1979,12/31/1979,3,Asia,3,Intrastate ,107.84,150.83,838.91,1979,7
192,India,Government of India,7/9/1979,12/31/1979,3,Asia,3,Intrastate ,107.84,150.83,838.91,1979,7
193,India,Government of India,7/9/1979,12/31/1979,3,Asia,3,Intrastate ,107.84,150.83,838.91,1979,7
194,India,Government of India,7/9/1979,12/31/1979,3,Asia,3,Intrastate ,107.84,150.83,838.91,1979,7
195,India,Government of India,7/9/1979,12/31/1979,3,Asia,3,Intrastate ,107.84,150.83,838.91,1979,7
196,India,Government of India,7/9/1979,10/12/1992,3,Asia,3,Intrastate ,402.66,570.52,3136.58,1979,7
197,India,Government of India,7/9/1979,6/10/1997,3,Asia,3,Intrastate ,893.27,1423.03,7782.04,1979,7
198,India,Government of India,7/9/1979,9/26/1999,3,Asia,3,Intrastate ,1277.36,,,1979,7
199,India,Government of India,7/9/1979,9/26/1999,3,Asia,3,Intrastate ,1277.36,,,1979,7
200,India,Government of India,7/9/1979,9/26/1999,3,Asia,3,Intrastate ,1277.36,,,1979,7
201,India,Government of India,7/9/1979,9/26/1999,3,Asia,3,Intrastate ,1277.36,,,1979,7
202,India,Government of India,7/9/1979,9/26/1999,3,Asia,3,Intrastate ,1277.36,,,1979,7
203,India,Government of India,7/9/1979,9/26/1999,3,Asia,3,Intrastate ,1277.36,,,1979,7
204,Somalia,Government of Somalia,1/18/1982,12/31/1982,4,Africa,3,Intrastate ,140.64,232.41,1046.54,1982,1
205,Somalia,Government of Somalia,1/18/1982,12/31/1982,4,Africa,3,Intrastate ,140.64,232.41,1046.54,1982,1
206,Somalia,Government of Somalia,1/18/1982,12/31/1982,4,Africa,3,Intrastate ,140.64,232.41,1046.54,1982,1
207,Somalia,Government of Somalia,1/18/1982,3/3/1986,4,Africa,3,Intrastate ,226.92,359.5,1709.06,1982,1
208,Somalia,Government of Somalia,1/18/1982,3/3/1986,4,Africa,3,Intrastate ,226.92,359.5,1709.06,1982,1
209,Somalia,Government of Somalia,1/18/1982,3/3/1986,4,Africa,3,Intrastate ,226.92,359.5,1709.06,1982,1
210,Somalia,Government of Somalia,1/18/1982,3/3/1986,4,Africa,3,Intrastate ,226.92,359.5,1709.06,1982,1
211,Somalia,Government of Somalia,1/18/1982,3/3/1986,4,Africa,3,Intrastate ,226.92,359.5,1709.06,1982,1
212,Somalia,Government of Somalia,1/18/1982,3/3/1986,4,Africa,3,Intrastate ,226.92,359.5,1709.06,1982,1
213,Somalia,Government of Somalia,1/18/1982,3/3/1986,4,Africa,3,Intrastate ,226.92,359.5,1709.06,1982,1
214,Somalia,Government of Somalia,1/18/1982,3/3/1986,4,Africa,3,Intrastate ,226.92,359.5,1709.06,1982,1
215,Somalia,Government of Somalia,1/18/1982,3/3/1986,4,Africa,3,Intrastate ,226.92,359.5,1709.06,1982,1
216,Somalia,Government of Somalia,1/18/1982,3/3/1986,4,Africa,3,Intrastate ,226.92,359.5,1709.06,1982,1
217,Somalia,Government of Somalia,1/18/1982,3/3/1986,4,Africa,3,Intrastate ,226.92,359.5,1709.06,1982,1
218,Somalia,Government of Somalia,1/18/1982,5/12/2001,4,Africa,3,Intrastate ,1245.67,2107.43,10821.31,1982,1
219,Somalia,Government of Somalia,1/18/1982,5/12/2001,4,Africa,3,Intrastate ,1245.67,2107.43,10821.31,1982,1
235,Iran,Government of Iran,5/30/1979,5/31/1979,2,Middle East,3,Intrastate ,99.17,131.76,821.21,1979,5
236,Iran,Government of Iran,5/30/1979,5/31/1979,2,Middle East,3,Intrastate ,99.17,131.76,821.21,1979,5
237,Saudi Arabia,Government of Saudi Arabia,11/20/1979,11/20/1979,2,Middle East,3,Intrastate ,104.67,139.85,811.77,1979,11
238,Liberia,Government of Liberia,4/12/1980,4/12/1980,4,Africa,3,Intrastate ,103.79,137.75,791.55,1980,4
239,Liberia,Government of Liberia,4/12/1980,12/26/1989,4,Africa,3,Intrastate ,353.4,454.8,2753.2,1980,4
240,Liberia,Government of Liberia,4/12/1980,12/26/1989,4,Africa,3,Intrastate ,353.4,454.8,2753.2,1980,4
241,Liberia,Government of Liberia,4/12/1980,5/31/2000,4,Africa,3,Intrastate ,1477.26,3813.38,10794.76,1980,4
242,Liberia,Government of Liberia,4/12/1980,5/31/2000,4,Africa,3,Intrastate ,1477.26,3813.38,10794.76,1980,4
243,Liberia,Government of Liberia,4/12/1980,5/31/2000,4,Africa,3,Intrastate ,1477.26,3813.38,10794.76,1980,4
244,Liberia,Government of Liberia,4/12/1980,5/31/2000,4,Africa,3,Intrastate ,1477.26,3813.38,10794.76,1980,4
245,Tunisia,Government of Tunisia,1/27/1980,1/28/1980,4,Africa,3,Intrastate ,113.61,159.7,876.11,1980,1
247,South Africa,Government of South Africa,2/1/1978,8/7/1981,4,Africa,3,Intrastate ,131.75,211.36,942.54,1978,2
248,South Africa,Government of South Africa,2/1/1978,8/7/1981,4,Africa,3,Intrastate ,131.75,211.36,942.54,1978,2
249,South Africa,Government of South Africa,2/1/1978,8/7/1981,4,Africa,3,Intrastate ,131.75,211.36,942.54,1978,2
250,South Africa,Government of South Africa,2/1/1978,6/26/1985,4,Africa,3,Intrastate ,191.85,296.2,1335.46,1978,2
251,South Africa,Government of South Africa,2/1/1978,6/26/1985,4,Africa,3,Intrastate ,191.85,296.2,1335.46,1978,2
252,South Africa,Government of South Africa,2/1/1978,6/26/1985,4,Africa,3,Intrastate ,191.85,296.2,1335.46,1978,2
253,South Africa,Government of South Africa,2/1/1978,6/26/1985,4,Africa,3,Intrastate ,191.85,296.2,1335.46,1978,2
255,India,Government of India,4/26/1979,7/31/1982,3,Asia,3,Intrastate ,107.09,167.35,808.6,1979,4
256,India,Government of India,4/26/1979,7/31/1982,3,Asia,3,Intrastate ,107.09,167.35,808.6,1979,4
257,India,Government of India,4/26/1979,7/31/1982,3,Asia,3,Intrastate ,107.09,167.35,808.6,1979,4
258,India,Government of India,4/26/1979,7/31/1982,3,Asia,3,Intrastate ,107.09,167.35,808.6,1979,4
259,India,Government of India,4/26/1979,7/31/1982,3,Asia,3,Intrastate ,107.09,167.35,808.6,1979,4
260,India,Government of India,4/26/1979,7/31/1982,3,Asia,3,Intrastate ,107.09,167.35,808.6,1979,4
261,India,Government of India,4/26/1979,7/31/1982,3,Asia,3,Intrastate ,107.09,167.35,808.6,1979,4
262,India,Government of India,4/26/1979,12/31/1993,3,Asia,3,Intrastate ,466.45,776.8,3754.09,1979,4
263,India,Government of India,4/26/1979,12/31/1993,3,Asia,3,Intrastate ,466.45,776.8,3754.09,1979,4
264,India,Government of India,4/26/1979,12/31/1993,3,Asia,3,Intrastate ,466.45,776.8,3754.09,1979,4
265,India,Government of India,4/26/1979,12/31/1993,3,Asia,3,Intrastate ,466.45,776.8,3754.09,1979,4
266,India,Government of India,4/26/1979,12/31/1998,3,Asia,3,Intrastate ,1229.23,2192.69,9181.43,1979,4
267,India,Government of India,4/26/1979,12/31/1998,3,Asia,3,Intrastate ,1229.23,2192.69,9181.43,1979,4
268,India,Government of India,4/26/1979,12/31/1998,3,Asia,3,Intrastate ,1229.23,2192.69,9181.43,1979,4
269,India,Government of India,4/26/1979,7/21/2003,3,Asia,3,Intrastate ,993.32,1708.5,9188.15,1979,4
270,India,Government of India,4/26/1979,7/21/2003,3,Asia,3,Intrastate ,993.32,1708.5,9188.15,1979,4
271,India,Government of India,4/26/1979,7/21/2003,3,Asia,3,Intrastate ,993.32,1708.5,9188.15,1979,4
272,India,Government of India,4/26/1979,7/21/2003,3,Asia,3,Intrastate ,993.32,1708.5,9188.15,1979,4
273,India,Government of India,4/26/1979,7/21/2003,3,Asia,3,Intrastate ,993.32,1708.5,9188.15,1979,4
274,India,Government of India,4/26/1979,7/21/2003,3,Asia,3,Intrastate ,993.32,1708.5,9188.15,1979,4
275,India,Government of India,4/26/1979,7/21/2003,3,Asia,3,Intrastate ,993.32,1708.5,9188.15,1979,4
276,Kenya,Government of Kenya,8/1/1982,8/1/1982,4,Africa,3,Intrastate ,107.09,167.35,808.6,1982,8
279,India,Government of India,9/20/1981,12/31/1983,3,Asia,3,Intrastate ,164.93,278.6,1258.64,1981,9
280,India,Government of India,9/20/1981,12/31/1983,3,Asia,3,Intrastate ,164.93,278.6,1258.64,1981,9
281,India,Government of India,9/20/1981,12/31/1983,3,Asia,3,Intrastate ,164.93,278.6,1258.64,1981,9
282,India,Government of India,9/20/1981,12/31/1983,3,Asia,3,Intrastate ,164.93,278.6,1258.64,1981,9
283,India,Government of India,9/20/1981,12/31/1983,3,Asia,3,Intrastate ,164.93,278.6,1258.64,1981,9
284,India,Government of India,9/20/1981,12/31/1983,3,Asia,3,Intrastate ,164.93,278.6,1258.64,1981,9
285,India,Government of India,9/20/1981,12/31/1983,3,Asia,3,Intrastate ,164.93,278.6,1258.64,1981,9
286,India,Government of India,9/20/1981,12/31/1983,3,Asia,3,Intrastate ,164.93,278.6,1258.64,1981,9
287,India,Government of India,9/20/1981,12/31/1983,3,Asia,3,Intrastate ,164.93,278.6,1258.64,1981,9
288,India,Government of India,9/20/1981,12/31/1983,3,Asia,3,Intrastate ,164.93,278.6,1258.64,1981,9
289,India,Government of India,9/20/1981,12/31/1983,3,Asia,3,Intrastate ,164.93,278.6,1258.64,1981,9
290,Turkey,Government of Turkey,5/1/1983,8/15/1984,2,Middle East,3,Intrastate ,164.14,250.37,1211.9,1983,5
291,Turkey,Government of Turkey,5/1/1983,8/15/1984,2,Middle East,3,Intrastate ,164.14,250.37,1211.9,1983,5
292,Turkey,Government of Turkey,5/1/1983,8/15/1984,2,Middle East,3,Intrastate ,164.14,250.37,1211.9,1983,5
293,Turkey,Government of Turkey,5/1/1983,8/15/1984,2,Middle East,3,Intrastate ,164.14,250.37,1211.9,1983,5
294,Turkey,Government of Turkey,5/1/1983,8/15/1984,2,Middle East,3,Intrastate ,164.14,250.37,1211.9,1983,5
295,Turkey,Government of Turkey,5/1/1983,8/15/1984,2,Middle East,3,Intrastate ,164.14,250.37,1211.9,1983,5
296,Turkey,Government of Turkey,5/1/1983,8/15/1984,2,Middle East,3,Intrastate ,164.14,250.37,1211.9,1983,5
297,Turkey,Government of Turkey,5/1/1983,8/15/1984,2,Middle East,3,Intrastate ,164.14,250.37,1211.9,1983,5
298,Turkey,Government of Turkey,5/1/1983,8/15/1984,2,Middle East,3,Intrastate ,164.14,250.37,1211.9,1983,5
299,Turkey,Government of Turkey,5/1/1983,8/15/1984,2,Middle East,3,Intrastate ,164.14,250.37,1211.9,1983,5
300,Turkey,Government of Turkey,5/1/1983,8/15/1984,2,Middle East,3,Intrastate ,164.14,250.37,1211.9,1983,5
301,Turkey,Government of Turkey,5/1/1983,8/15/1984,2,Middle East,3,Intrastate ,164.14,250.37,1211.9,1983,5
302,Turkey,Government of Turkey,5/1/1983,8/15/1984,2,Middle East,3,Intrastate ,164.14,250.37,1211.9,1983,5
303,Turkey,Government of Turkey,5/1/1983,8/15/1984,2,Middle East,3,Intrastate ,164.14,250.37,1211.9,1983,5
304,Turkey,Government of Turkey,5/1/1983,8/15/1984,2,Middle East,3,Intrastate ,164.14,250.37,1211.9,1983,5
305,Turkey,Government of Turkey,5/1/1983,8/15/1984,2,Middle East,3,Intrastate ,164.14,250.37,1211.9,1983,5
306,Turkey,Government of Turkey,5/1/1983,8/15/1984,2,Middle East,3,Intrastate ,164.14,250.37,1211.9,1983,5
307,Turkey,Government of Turkey,5/1/1983,8/15/1984,2,Middle East,3,Intrastate ,164.14,250.37,1211.9,1983,5
308,Turkey,Government of Turkey,5/1/1983,8/15/1984,2,Middle East,3,Intrastate ,164.14,250.37,1211.9,1983,5
309,Turkey,Government of Turkey,5/1/1983,8/15/1984,2,Middle East,3,Intrastate ,164.14,250.37,1211.9,1983,5
310,Turkey,Government of Turkey,5/1/1983,8/15/1984,2,Middle East,3,Intrastate ,164.14,250.37,1211.9,1983,5
311,Turkey,Government of Turkey,5/1/1983,8/15/1984,2,Middle East,3,Intrastate ,164.14,250.37,1211.9,1983,5
312,Turkey,Government of Turkey,5/1/1983,8/15/1984,2,Middle East,3,Intrastate ,164.14,250.37,1211.9,1983,5
313,Turkey,Government of Turkey,5/1/1983,8/15/1984,2,Middle East,3,Intrastate ,164.14,250.37,1211.9,1983,5
314,Turkey,Government of Turkey,5/1/1983,8/15/1984,2,Middle East,3,Intrastate ,164.14,250.37,1211.9,1983,5
315,Turkey,Government of Turkey,5/1/1983,8/15/1984,2,Middle East,3,Intrastate ,164.14,250.37,1211.9,1983,5
316,Turkey,Government of Turkey,5/1/1983,8/15/1984,2,Middle East,3,Intrastate ,164.14,250.37,1211.9,1983,5
317,Turkey,Government of Turkey,5/1/1983,8/15/1984,2,Middle East,3,Intrastate ,164.14,250.37,1211.9,1983,5
318,Turkey,Government of Turkey,5/1/1983,8/15/1984,2,Middle East,3,Intrastate ,164.14,250.37,1211.9,1983,5
319,Turkey,Government of Turkey,5/1/1983,8/15/1984,2,Middle East,3,Intrastate ,164.14,250.37,1211.9,1983,5
320,Turkey,Government of Turkey,5/1/1983,7/30/2015,2,Middle East,3,Intrastate ,2103.84,5128.28,17689.86,1983,5
321,Turkey,Government of Turkey,5/1/1983,7/30/2015,2,Middle East,3,Intrastate ,2103.84,5128.28,17689.86,1983,5
322,Turkey,Government of Turkey,5/1/1983,7/30/2015,2,Middle East,3,Intrastate ,2103.84,5128.28,17689.86,1983,5
323,Turkey,Government of Turkey,5/1/1983,7/30/2015,2,Middle East,3,Intrastate ,2103.84,5128.28,17689.86,1983,5
324,Turkey,Government of Turkey,5/1/1983,7/30/2015,2,Middle East,3,Intrastate ,2103.84,5128.28,17689.86,1983,5
325,Turkey,Government of Turkey,5/1/1983,7/30/2015,2,Middle East,3,Intrastate ,2103.84,5128.28,17689.86,1983,5
330,Suriname,Government of Suriname,8/21/1986,10/12/1987,5,Americas,3,Intrastate ,311.07,438.4,2482.21,1986,8
331,Togo,Government of Togo,9/23/1986,9/23/1986,4,Africa,3,Intrastate ,232.23,351.6,1769.69,1986,9
332,South Yemen,Government of South Yemen,1/13/1986,1/13/1986,2,Middle East,3,Intrastate ,205.96,324.4,1513.53,1986,1
333,Burkina Faso,Government of Burkina Faso,10/15/1987,10/15/1987,4,Africa,3,Intrastate ,282.7,406.3,2246.73,1987,10
338,Comoros,Government of Comoros,11/27/1989,11/29/1989,4,Africa,3,Intrastate ,350.63,457.1,2747.65,1989,11
339,India,Government of India,2/6/1984,2/12/1990,3,Asia,3,Intrastate ,333.62,428.8,2648.2,1984,2
340,India,Government of India,2/6/1984,2/12/1990,3,Asia,3,Intrastate ,333.62,428.8,2648.2,1984,2
341,India,Government of India,2/6/1984,2/12/1990,3,Asia,3,Intrastate ,333.62,428.8,2648.2,1984,2
342,India,Government of India,2/6/1984,2/12/1990,3,Asia,3,Intrastate ,333.62,428.8,2648.2,1984,2
343,India,Government of India,2/6/1984,2/12/1990,3,Asia,3,Intrastate ,333.62,428.8,2648.2,1984,2
344,India,Government of India,2/6/1984,2/12/1990,3,Asia,3,Intrastate ,333.62,428.8,2648.2,1984,2
345,India,Government of India,2/6/1984,2/12/1990,3,Asia,3,Intrastate ,333.62,428.8,2648.2,1984,2
346,India,Government of India,2/6/1984,2/12/1990,3,Asia,3,Intrastate ,333.62,428.8,2648.2,1984,2
347,India,Government of India,2/6/1984,2/12/1990,3,Asia,3,Intrastate ,333.62,428.8,2648.2,1984,2
348,India,Government of India,2/6/1984,2/12/1990,3,Asia,3,Intrastate ,333.62,428.8,2648.2,1984,2
349,India,Government of India,2/6/1984,2/12/1990,3,Asia,3,Intrastate ,333.62,428.8,2648.2,1984,2
350,India,Government of India,2/6/1984,2/12/1990,3,Asia,3,Intrastate ,333.62,428.8,2648.2,1984,2
351,India,Government of India,2/6/1984,2/12/1990,3,Asia,3,Intrastate ,333.62,428.8,2648.2,1984,2
352,India,Government of India,2/6/1984,2/12/1990,3,Asia,3,Intrastate ,333.62,428.8,2648.2,1984,2
353,India,Government of India,2/6/1984,2/12/1990,3,Asia,3,Intrastate ,333.62,428.8,2648.2,1984,2
354,India,Government of India,2/6/1984,2/12/1990,3,Asia,3,Intrastate ,333.62,428.8,2648.2,1984,2
355,India,Government of India,2/6/1984,2/12/1990,3,Asia,3,Intrastate ,333.62,428.8,2648.2,1984,2
356,India,Government of India,2/6/1984,2/12/1990,3,Asia,3,Intrastate ,333.62,428.8,2648.2,1984,2
357,India,Government of India,2/6/1984,2/12/1990,3,Asia,3,Intrastate ,333.62,428.8,2648.2,1984,2
358,India,Government of India,2/6/1984,2/12/1990,3,Asia,3,Intrastate ,333.62,428.8,2648.2,1984,2
359,India,Government of India,2/6/1984,2/12/1990,3,Asia,3,Intrastate ,333.62,428.8,2648.2,1984,2
360,India,Government of India,2/6/1984,2/12/1990,3,Asia,3,Intrastate ,333.62,428.8,2648.2,1984,2
361,India,Government of India,2/6/1984,2/12/1990,3,Asia,3,Intrastate ,333.62,428.8,2648.2,1984,2
362,India,Government of India,2/6/1984,2/12/1990,3,Asia,3,Intrastate ,333.62,428.8,2648.2,1984,2
363,India,Government of India,2/6/1984,2/12/1990,3,Asia,3,Intrastate ,333.62,428.8,2648.2,1984,2
364,India,Government of India,2/6/1984,2/12/1990,3,Asia,3,Intrastate ,333.62,428.8,2648.2,1984,2
365,India,Government of India,2/6/1984,2/12/1990,3,Asia,3,Intrastate ,333.62,428.8,2648.2,1984,2
366,India,Government of India,2/6/1984,2/12/1990,3,Asia,3,Intrastate ,333.62,428.8,2648.2,1984,2
367,India,Government of India,2/6/1984,2/12/1990,3,Asia,3,Intrastate ,333.62,428.8,2648.2,1984,2
368,India,Government of India,2/6/1984,2/12/1990,3,Asia,3,Intrastate ,333.62,428.8,2648.2,1984,2
369,India,Government of India,2/6/1984,2/12/1990,3,Asia,3,Intrastate ,333.62,428.8,2648.2,1984,2
370,India,Government of India,12/31/1983,11/30/1990,3,Asia,3,Intrastate ,322.22,359.1,2559.65,1983,12
371,India,Government of India,12/31/1983,12/31/1994,3,Asia,3,Intrastate ,459.27,751.96,3834.44,1983,12
372,India,Government of India,12/31/1983,12/31/1994,3,Asia,3,Intrastate ,459.27,751.96,3834.44,1983,12
373,India,Government of India,12/31/1983,12/31/1994,3,Asia,3,Intrastate ,459.27,751.96,3834.44,1983,12
374,India,Government of India,12/31/1983,12/31/1994,3,Asia,3,Intrastate ,459.27,751.96,3834.44,1983,12
375,India,Government of India,12/31/1983,12/31/1994,3,Asia,3,Intrastate ,459.27,751.96,3834.44,1983,12
376,India,Government of India,12/31/1983,12/31/1994,3,Asia,3,Intrastate ,459.27,751.96,3834.44,1983,12
377,India,Government of India,12/31/1983,12/31/1994,3,Asia,3,Intrastate ,459.27,751.96,3834.44,1983,12
378,India,Government of India,12/31/1983,12/31/1994,3,Asia,3,Intrastate ,459.27,751.96,3834.44,1983,12
379,India,Government of India,12/31/1983,12/31/1994,3,Asia,3,Intrastate ,459.27,751.96,3834.44,1983,12
380,India,Government of India,12/31/1983,12/31/1994,3,Asia,3,Intrastate ,459.27,751.96,3834.44,1983,12
381,India,Government of India,12/31/1983,12/31/1994,3,Asia,3,Intrastate ,459.27,751.96,3834.44,1983,12
382,India,Government of India,12/31/1983,12/31/1994,3,Asia,3,Intrastate ,459.27,751.96,3834.44,1983,12
383,India,Government of India,12/31/1983,12/31/1994,3,Asia,3,Intrastate ,459.27,751.96,3834.44,1983,12
384,India,Government of India,12/31/1983,12/31/1994,3,Asia,3,Intrastate ,459.27,751.96,3834.44,1983,12
385,India,Government of India,12/31/1983,12/31/1994,3,Asia,3,Intrastate ,459.27,751.96,3834.44,1983,12
386,India,Government of India,12/31/1983,12/31/1994,3,Asia,3,Intrastate ,459.27,751.96,3834.44,1983,12
387,India,Government of India,12/31/1983,12/31/1994,3,Asia,3,Intrastate ,459.27,751.96,3834.44,1983,12
388,Indonesia,Government of Indonesia,5/2/1989,6/6/1990,3,Asia,3,Intrastate ,358.71,460.9,2862.38,1989,5
389,Indonesia,Government of Indonesia,5/2/1989,6/6/1990,3,Asia,3,Intrastate ,358.71,460.9,2862.38,1989,5
390,Indonesia,Government of Indonesia,5/2/1989,6/1/1999,3,Asia,3,Intrastate ,1327.75,2478.34,10799.84,1989,5
391,Indonesia,Government of Indonesia,5/2/1989,6/1/1999,3,Asia,3,Intrastate ,1327.75,2478.34,10799.84,1989,5
392,Indonesia,Government of Indonesia,5/2/1989,6/1/1999,3,Asia,3,Intrastate ,1327.75,2478.34,10799.84,1989,5
393,Indonesia,Government of Indonesia,5/2/1989,6/1/1999,3,Asia,3,Intrastate ,1327.75,2478.34,10799.84,1989,5
394,Indonesia,Government of Indonesia,5/2/1989,6/1/1999,3,Asia,3,Intrastate ,1327.75,2478.34,10799.84,1989,5
395,Indonesia,Government of Indonesia,5/2/1989,6/1/1999,3,Asia,3,Intrastate ,1327.75,2478.34,10799.84,1989,5
396,Indonesia,Government of Indonesia,5/2/1989,6/1/1999,3,Asia,3,Intrastate ,1327.75,2478.34,10799.84,1989,5
397,Panama,Government of Panama,10/3/1989,10/3/1989,5,Americas,3,Intrastate ,358.78,483.6,2785.52,1989,10
399,Papua New Guinea,Government of Papua New Guinea,4/6/1989,2/7/1990,3,Asia,3,Intrastate ,333.62,428.8,2648.2,1989,4
400,Papua New Guinea,Government of Papua New Guinea,4/6/1989,8/2/1992,3,Asia,3,Intrastate ,424.21,580.83,3393.78,1989,4
401,Papua New Guinea,Government of Papua New Guinea,4/6/1989,8/2/1992,3,Asia,3,Intrastate ,424.21,580.83,3393.78,1989,4
402,Papua New Guinea,Government of Papua New Guinea,4/6/1989,8/2/1992,3,Asia,3,Intrastate ,424.21,580.83,3393.78,1989,4
403,Papua New Guinea,Government of Papua New Guinea,4/6/1989,8/2/1992,3,Asia,3,Intrastate ,424.21,580.83,3393.78,1989,4
404,Papua New Guinea,Government of Papua New Guinea,4/6/1989,8/2/1992,3,Asia,3,Intrastate ,424.21,580.83,3393.78,1989,4
405,Romania,Government of Romania,12/17/1989,12/22/1989,1,Europe,3,Intrastate ,347.42,444.6,2711.39,1989,12
408,Mali,Government of Mali,6/28/1990,7/21/1990,4,Africa,3,Intrastate ,361.61,455.3,2961.14,1990,6
409,Mali,Government of Mali,6/28/1990,7/21/1990,4,Africa,3,Intrastate ,361.61,455.3,2961.14,1990,6
410,Mali,Government of Mali,6/28/1990,10/4/1994,4,Africa,3,Intrastate ,455.1,749.96,3797.43,1990,6
411,Mali,Government of Mali,6/28/1990,8/31/2007,4,Africa,3,Intrastate ,1473.99,2596.36,13357.74,1990,6
412,Mali,Government of Mali,6/28/1990,8/31/2007,4,Africa,3,Intrastate ,1473.99,2596.36,13357.74,1990,6
413,Mali,Government of Mali,6/28/1990,8/31/2007,4,Africa,3,Intrastate ,1473.99,2596.36,13357.74,1990,6
414,Mali,Government of Mali,6/28/1990,1/24/2012,4,Africa,3,Intrastate ,1316.33,2816.55,12660.46,1990,6
415,Mali,Government of Mali,6/28/1990,5/17/2014,4,Africa,3,Intrastate ,1877.86,4090.59,16491.31,1990,6
417,Niger,Government of Niger,1/19/1994,5/16/1994,4,Africa,3,Intrastate ,444.14,716.92,3659.68,1994,1
419,Rwanda,Government of Rwanda,10/1/1990,10/3/1990,4,Africa,3,Intrastate ,311.5,347.4,2510.64,1990,10
420,Rwanda,Government of Rwanda,10/1/1990,10/3/1990,4,Africa,3,Intrastate ,311.5,347.4,2510.64,1990,10
421,Rwanda,Government of Rwanda,10/1/1990,10/3/1990,4,Africa,3,Intrastate ,311.5,347.4,2510.64,1990,10
422,Rwanda,Government of Rwanda,10/1/1990,10/3/1990,4,Africa,3,Intrastate ,311.5,347.4,2510.64,1990,10
423,Rwanda,Government of Rwanda,10/1/1990,7/12/1996,4,Africa,3,Intrastate ,646.19,1103.49,5510.56,1990,10
424,Rwanda,Government of Rwanda,10/1/1990,7/12/1996,4,Africa,3,Intrastate ,646.19,1103.49,5510.56,1990,10
425,Rwanda,Government of Rwanda,10/1/1990,7/12/1996,4,Africa,3,Intrastate ,646.19,1103.49,5510.56,1990,10
426,Rwanda,Government of Rwanda,10/1/1990,7/12/1996,4,Africa,3,Intrastate ,646.19,1103.49,5510.56,1990,10
427,Rwanda,Government of Rwanda,10/1/1990,7/12/1996,4,Africa,3,Intrastate ,646.19,1103.49,5510.56,1990,10
428,Rwanda,Government of Rwanda,10/1/1990,7/12/1996,4,Africa,3,Intrastate ,646.19,1103.49,5510.56,1990,10
429,Rwanda,Government of Rwanda,10/1/1990,7/12/1996,4,Africa,3,Intrastate ,646.19,1103.49,5510.56,1990,10
438,Senegal,Government of Senegal,12/31/1988,8/31/1990,4,Africa,3,Intrastate ,322.56,381.2,2614.36,1988,12
439,Senegal,Government of Senegal,12/31/1988,9/1/1992,4,Africa,3,Intrastate ,417.08,573.44,3281.93,1988,12
440,Senegal,Government of Senegal,12/31/1988,9/1/1992,4,Africa,3,Intrastate ,417.08,573.44,3281.93,1988,12
441,Senegal,Government of Senegal,12/31/1988,4/27/1995,4,Africa,3,Intrastate ,514.71,843.98,4321.27,1988,12
442,Senegal,Government of Senegal,12/31/1988,3/18/1997,4,Africa,3,Intrastate ,784.1,1254.07,6804.79,1988,12
443,Senegal,Government of Senegal,12/31/1988,3/18/1997,4,Africa,3,Intrastate ,784.1,1254.07,6804.79,1988,12
444,Senegal,Government of Senegal,12/31/1988,4/11/2000,4,Africa,3,Intrastate ,1357.31,3321.29,10305.77,1988,12
445,Senegal,Government of Senegal,12/31/1988,4/11/2000,4,Africa,3,Intrastate ,1357.31,3321.29,10305.77,1988,12
446,Senegal,Government of Senegal,12/31/1988,1/20/2003,4,Africa,3,Intrastate ,901.78,1376.19,8586.74,1988,12
447,Senegal,Government of Senegal,12/31/1988,12/20/2011,4,Africa,3,Intrastate ,1265.33,2618.64,12294,1988,12
448,Russia (Soviet Union),Government of Russia (Soviet Union),1/19/1990,8/31/1990,1,Europe,3,Intrastate ,322.56,381.2,2614.36,1990,1
449,Russia (Soviet Union),Government of Russia (Soviet Union),1/19/1990,8/31/1990,1,Europe,3,Intrastate ,322.56,381.2,2614.36,1990,1
450,Russia (Soviet Union),Government of Russia (Soviet Union),1/20/1990,1/23/1990,1,Europe,3,Intrastate ,325.8,421.3,2559.23,1990,1
451,Trinidad and Tobago,Government of Trinidad and Tobago,7/27/1990,8/2/1990,5,Americas,3,Intrastate ,344.86,417.5,2809.65,1990,7
452,Djibouti,Government of Djibouti,11/12/1991,11/13/1991,4,Africa,3,Intrastate ,382.62,531.29,2943.2,1991,11
453,Djibouti,Government of Djibouti,11/12/1991,11/13/1991,4,Africa,3,Intrastate ,382.62,531.29,2943.2,1991,11
454,Djibouti,Government of Djibouti,11/12/1991,11/13/1991,4,Africa,3,Intrastate ,382.62,531.29,2943.2,1991,11
455,Djibouti,Government of Djibouti,11/12/1991,11/13/1991,4,Africa,3,Intrastate ,382.62,531.29,2943.2,1991,11
456,Djibouti,Government of Djibouti,11/12/1991,7/24/1999,4,Africa,3,Intrastate ,1356.94,2692.4,10910.96,1991,11
457,Georgia,Government of Georgia,12/22/1991,12/28/1991,1,Europe,3,Intrastate ,406.46,565.71,3101.52,1991,12
458,Georgia,Government of Georgia,12/22/1991,12/28/1991,1,Europe,3,Intrastate ,406.46,565.71,3101.52,1991,12
459,Georgia,Government of Georgia,12/22/1991,12/28/1991,1,Europe,3,Intrastate ,406.46,565.71,3101.52,1991,12
460,Haiti,Government of Haiti,4/3/1989,4/8/1989,5,Americas,3,Intrastate ,297.16,410.7,2304.8,1989,4
461,Haiti,Government of Haiti,4/3/1989,10/2/1991,5,Americas,3,Intrastate ,381.25,520.4,2961.76,1989,4
462,Haiti,Government of Haiti,4/3/1989,2/8/2004,5,Americas,3,Intrastate ,1142.76,2064.01,10593.03,1989,4
473,Sierra Leone,Government of Sierra Leone,3/23/1991,4/1/1991,4,Africa,3,Intrastate ,375.36,495.79,2896.78,1991,3
474,Turkey,Government of Turkey,12/31/1987,7/13/1991,2,Middle East,3,Intrastate ,380.25,492.71,2980.77,1987,12
475,Turkey,Government of Turkey,12/31/1987,7/13/1991,2,Middle East,3,Intrastate ,380.25,492.71,2980.77,1987,12
476,Turkey,Government of Turkey,12/31/1987,7/16/1995,2,Middle East,3,Intrastate ,559.89,999.33,4708.82,1987,12
477,Turkey,Government of Turkey,12/31/1987,6/17/2005,2,Middle East,3,Intrastate ,1216.96,2090.11,10623.07,1987,12
478,Turkey,Government of Turkey,12/31/1987,2/17/2016,2,Middle East,3,Intrastate ,1917.78,4504.43,16391.99,1987,12
479,Serbia (Yugoslavia),Government of Serbia (Yugoslavia),6/27/1991,6/28/1991,1,Europe,3,Intrastate ,371.16,475.92,2906.75,1991,6
480,Serbia (Yugoslavia),Government of Serbia (Yugoslavia),7/9/1991,7/27/1991,1,Europe,3,Intrastate ,380.93,492.69,2972.5,1991,7
481,Serbia (Yugoslavia),Government of Serbia (Yugoslavia),7/9/1991,7/27/1991,1,Europe,3,Intrastate ,380.93,492.69,2972.5,1991,7
482,Algeria,Government of Algeria,8/27/1985,12/9/1991,4,Africa,3,Intrastate ,379.1,536.3,2886.4,1985,8
483,Algeria,Government of Algeria,8/27/1985,12/9/1991,4,Africa,3,Intrastate ,379.1,536.3,2886.4,1985,8
484,Algeria,Government of Algeria,8/27/1985,12/9/1991,4,Africa,3,Intrastate ,379.1,536.3,2886.4,1985,8
485,Algeria,Government of Algeria,8/27/1985,12/9/1991,4,Africa,3,Intrastate ,379.1,536.3,2886.4,1985,8
486,Algeria,Government of Algeria,8/27/1985,12/9/1991,4,Africa,3,Intrastate ,379.1,536.3,2886.4,1985,8
487,Algeria,Government of Algeria,8/27/1985,12/9/1991,4,Africa,3,Intrastate ,379.1,536.3,2886.4,1985,8
488,Algeria,Government of Algeria,8/27/1985,12/9/1991,4,Africa,3,Intrastate ,379.1,536.3,2886.4,1985,8
489,Algeria,Government of Algeria,8/27/1985,12/9/1991,4,Africa,3,Intrastate ,379.1,536.3,2886.4,1985,8
490,Algeria,Government of Algeria,8/27/1985,12/9/1991,4,Africa,3,Intrastate ,379.1,536.3,2886.4,1985,8
491,Algeria,Government of Algeria,8/27/1985,12/9/1991,4,Africa,3,Intrastate ,379.1,536.3,2886.4,1985,8
492,Algeria,Government of Algeria,8/27/1985,12/9/1991,4,Africa,3,Intrastate ,379.1,536.3,2886.4,1985,8
493,Algeria,Government of Algeria,8/27/1985,12/9/1991,4,Africa,3,Intrastate ,379.1,536.3,2886.4,1985,8
494,Algeria,Government of Algeria,8/27/1985,12/9/1991,4,Africa,3,Intrastate ,379.1,536.3,2886.4,1985,8
496,Algeria,Government of Algeria,8/27/1985,12/9/1991,4,Africa,3,Intrastate ,379.1,536.3,2886.4,1985,8
497,Algeria,Government of Algeria,8/27/1985,12/9/1991,4,Africa,3,Intrastate ,379.1,536.3,2886.4,1985,8
498,Algeria,Government of Algeria,8/27/1985,12/9/1991,4,Africa,3,Intrastate ,379.1,536.3,2886.4,1985,8
499,Algeria,Government of Algeria,8/27/1985,12/9/1991,4,Africa,3,Intrastate ,379.1,536.3,2886.4,1985,8
500,Algeria,Government of Algeria,8/27/1985,12/9/1991,4,Africa,3,Intrastate ,379.1,536.3,2886.4,1985,8
501,Algeria,Government of Algeria,8/27/1985,12/9/1991,4,Africa,3,Intrastate ,379.1,536.3,2886.4,1985,8
502,Algeria,Government of Algeria,8/27/1985,12/9/1991,4,Africa,3,Intrastate ,379.1,536.3,2886.4,1985,8
503,Algeria,Government of Algeria,8/27/1985,12/9/1991,4,Africa,3,Intrastate ,379.1,536.3,2886.4,1985,8
504,Algeria,Government of Algeria,8/27/1985,12/9/1991,4,Africa,3,Intrastate ,379.1,536.3,2886.4,1985,8
505,Algeria,Government of Algeria,8/27/1985,12/9/1991,4,Africa,3,Intrastate ,379.1,536.3,2886.4,1985,8
506,Algeria,Government of Algeria,8/27/1985,12/9/1991,4,Africa,3,Intrastate ,379.1,536.3,2886.4,1985,8
507,Algeria,Government of Algeria,8/27/1985,12/9/1991,4,Africa,3,Intrastate ,379.1,536.3,2886.4,1985,8
508,Algeria,Government of Algeria,8/27/1985,12/9/1991,4,Africa,3,Intrastate ,379.1,536.3,2886.4,1985,8
509,Algeria,Government of Algeria,8/27/1985,12/9/1991,4,Africa,3,Intrastate ,379.1,536.3,2886.4,1985,8
510,Algeria,Government of Algeria,8/27/1985,12/2/2020,4,Africa,3,Intrastate ,2446.3,6301.8857,21865.37,1985,8
511,Angola,Government of Angola,8/4/1989,12/31/1991,4,Africa,3,Intrastate ,419.34,592.65,3201.48,1989,8
512,Angola,Government of Angola,8/4/1989,12/31/1991,4,Africa,3,Intrastate ,419.34,592.65,3201.48,1989,8
513,Angola,Government of Angola,8/4/1989,12/31/1994,4,Africa,3,Intrastate ,459.27,751.96,3834.44,1989,8
514,Angola,Government of Angola,8/4/1989,12/31/1994,4,Africa,3,Intrastate ,459.27,751.96,3834.44,1989,8
515,Angola,Government of Angola,8/4/1989,12/31/1994,4,Africa,3,Intrastate ,459.27,751.96,3834.44,1989,8
516,Angola,Government of Angola,8/4/1989,12/31/1994,4,Africa,3,Intrastate ,459.27,751.96,3834.44,1989,8
517,Angola,Government of Angola,8/4/1989,12/31/1994,4,Africa,3,Intrastate ,459.27,751.96,3834.44,1989,8
518,Angola,Government of Angola,8/4/1989,11/12/2002,4,Africa,3,Intrastate ,909.83,1411.14,8579.09,1989,8
519,Angola,Government of Angola,8/4/1989,11/12/2002,4,Africa,3,Intrastate ,909.83,1411.14,8579.09,1989,8
520,Angola,Government of Angola,8/4/1989,11/12/2002,4,Africa,3,Intrastate ,909.83,1411.14,8579.09,1989,8
521,Angola,Government of Angola,8/4/1989,12/31/2007,4,Africa,3,Intrastate ,1478.49,2674.46,13365.87,1989,8
522,Angola,Government of Angola,8/4/1989,12/31/2009,4,Africa,3,Intrastate ,1144.98,2317.17,10618.19,1989,8
523,Angola,Government of Angola,8/4/1989,12/31/2016,4,Africa,3,Intrastate ,2238.83,5383.12,19762.6,1989,8
524,Angola,Government of Angola,8/4/1989,12/31/2016,4,Africa,3,Intrastate ,2238.83,5383.12,19762.6,1989,8
525,Angola,Government of Angola,8/4/1989,12/31/2019,4,Africa,3,Intrastate ,2446.3,6301.8857,21865.37,1989,8
526,Angola,Government of Angola,8/4/1989,12/31/2019,4,Africa,3,Intrastate ,2446.3,6301.8857,21865.37,1989,8
530,Azerbaijan,Government of Azerbaijan,12/29/1991,12/30/1991,1,Europe,3,Intrastate ,406.46,565.71,3101.52,1991,12
543,Bosnia-Herzegovina,Government of Bosnia-Herzegovina,4/27/1992,4/27/1992,1,Europe,3,Intrastate ,409.02,572.89,3324.46,1992,4
544,Bosnia-Herzegovina,Government of Bosnia-Herzegovina,4/27/1992,4/27/1992,1,Europe,3,Intrastate ,409.02,572.89,3324.46,1992,4
547,Croatia,Government of Croatia,4/23/1992,5/1/1995,1,Europe,3,Intrastate ,514.71,843.98,4321.27,1992,4
548,Egypt,Government of Egypt,10/8/1981,3/10/1993,2,Middle East,3,Intrastate ,449.83,692.78,3427.82,1981,10
549,Egypt,Government of Egypt,10/8/1981,3/10/1993,2,Middle East,3,Intrastate ,449.83,692.78,3427.82,1981,10
550,Egypt,Government of Egypt,10/8/1981,3/10/1993,2,Middle East,3,Intrastate ,449.83,692.78,3427.82,1981,10
551,Egypt,Government of Egypt,10/8/1981,3/10/1993,2,Middle East,3,Intrastate ,449.83,692.78,3427.82,1981,10
552,Egypt,Government of Egypt,10/8/1981,3/10/1993,2,Middle East,3,Intrastate ,449.83,692.78,3427.82,1981,10
553,Egypt,Government of Egypt,10/8/1981,3/10/1993,2,Middle East,3,Intrastate ,449.83,692.78,3427.82,1981,10
554,Egypt,Government of Egypt,10/8/1981,4/24/2014,2,Middle East,3,Intrastate ,1863.4,4075.56,16361.46,1981,10
555,Egypt,Government of Egypt,10/8/1981,7/14/2017,2,Middle East,3,Intrastate ,2459.27,6312.47,21637.74,1981,10
556,Egypt,Government of Egypt,10/8/1981,7/14/2017,2,Middle East,3,Intrastate ,2459.27,6312.47,21637.74,1981,10
557,Egypt,Government of Egypt,10/8/1981,7/14/2017,2,Middle East,3,Intrastate ,2459.27,6312.47,21637.74,1981,10
558,Georgia,Government of Georgia,8/14/1992,8/17/1992,1,Europe,3,Intrastate ,419.91,573.18,3328.94,1992,8
559,Georgia,Government of Georgia,8/14/1992,8/17/1992,1,Europe,3,Intrastate ,419.91,573.18,3328.94,1992,8
560,Georgia,Government of Georgia,5/12/1992,6/8/1992,1,Europe,3,Intrastate ,413.48,585.43,3398.69,1992,5
561,Georgia,Government of Georgia,5/12/1992,8/19/2004,1,Europe,3,Intrastate ,1098.35,1838.02,10110.14,1992,5
563,Moldova,Government of Moldova,3/1/1992,3/17/1992,1,Europe,3,Intrastate ,411.3,624.28,3276.39,1992,3
569,Tajikistan,Government of Tajikistan,5/5/1992,5/10/1992,3,Asia,3,Intrastate ,416.05,585.76,3369.41,1992,5
570,Tajikistan,Government of Tajikistan,5/5/1992,5/10/1992,3,Asia,3,Intrastate ,416.05,585.76,3369.41,1992,5
571,Tajikistan,Government of Tajikistan,5/5/1992,9/6/2000,3,Asia,3,Intrastate ,1494.5,3978.41,11220.65,1992,5
572,Tajikistan,Government of Tajikistan,5/5/1992,9/9/2010,3,Asia,3,Intrastate ,1109.55,2242.48,10462.77,1992,5
573,Tajikistan,Government of Tajikistan,5/5/1992,9/9/2010,3,Asia,3,Intrastate ,1109.55,2242.48,10462.77,1992,5
574,Azerbaijan,Government of Azerbaijan,5/15/1992,6/6/1993,1,Europe,3,Intrastate ,450.06,702.01,3545.14,1992,5
575,Azerbaijan,Government of Azerbaijan,5/15/1992,3/17/1995,1,Europe,3,Intrastate ,495.52,808.33,4073.65,1992,5
576,Bosnia-Herzegovina,Government of Bosnia-Herzegovina,6/28/1992,10/5/1993,1,Europe,3,Intrastate ,460.31,764.27,3584.74,1992,6
577,Bosnia-Herzegovina,Government of Bosnia-Herzegovina,6/28/1992,10/5/1993,1,Europe,3,Intrastate ,460.31,764.27,3584.74,1992,6
578,Bosnia-Herzegovina,Government of Bosnia-Herzegovina,6/28/1992,10/5/1993,1,Europe,3,Intrastate ,460.31,764.27,3584.74,1992,6
580,Bosnia-Herzegovina,Government of Bosnia-Herzegovina,5/27/1992,1/14/1993,1,Europe,3,Intrastate ,437.15,697.15,3271.12,1992,5
581,Russia (Soviet Union),Government of Russia (Soviet Union),8/20/1991,10/3/1993,1,Europe,3,Intrastate ,461.28,763.23,3581.11,1991,8
582,Mexico,Government of Mexico,1/1/1994,1/1/1994,5,Americas,3,Intrastate ,466.45,776.8,3754.09,1994,1
583,Mexico,Government of Mexico,1/1/1994,8/30/1996,5,Americas,3,Intrastate ,651.99,1141.5,5616.21,1994,1
584,Russia (Soviet Union),Government of Russia (Soviet Union),5/27/1994,11/26/1994,1,Europe,3,Intrastate ,452.29,742.52,3708.27,1994,5
585,Russia (Soviet Union),Government of Russia (Soviet Union),5/27/1994,11/26/1994,1,Europe,3,Intrastate ,452.29,742.52,3708.27,1994,5
586,Russia (Soviet Union),Government of Russia (Soviet Union),5/27/1994,11/26/1994,1,Europe,3,Intrastate ,452.29,742.52,3708.27,1994,5
587,Russia (Soviet Union),Government of Russia (Soviet Union),5/27/1994,8/11/1999,1,Europe,3,Intrastate ,1327.68,2637.81,10973.65,1994,5
588,Russia (Soviet Union),Government of Russia (Soviet Union),5/27/1994,8/11/1999,1,Europe,3,Intrastate ,1327.68,2637.81,10973.65,1994,5
589,Russia (Soviet Union),Government of Russia (Soviet Union),5/27/1994,8/11/1999,1,Europe,3,Intrastate ,1327.68,2637.81,10973.65,1994,5
590,Russia (Soviet Union),Government of Russia (Soviet Union),5/27/1994,8/11/1999,1,Europe,3,Intrastate ,1327.68,2637.81,10973.65,1994,5
591,Russia (Soviet Union),Government of Russia (Soviet Union),5/27/1994,8/11/1999,1,Europe,3,Intrastate ,1327.68,2637.81,10973.65,1994,5
592,Russia (Soviet Union),Government of Russia (Soviet Union),5/27/1994,8/11/1999,1,Europe,3,Intrastate ,1327.68,2637.81,10973.65,1994,5
593,Russia (Soviet Union),Government of Russia (Soviet Union),5/27/1994,8/11/1999,1,Europe,3,Intrastate ,1327.68,2637.81,10973.65,1994,5
594,Russia (Soviet Union),Government of Russia (Soviet Union),5/27/1994,8/11/1999,1,Europe,3,Intrastate ,1327.68,2637.81,10973.65,1994,5
595,Russia (Soviet Union),Government of Russia (Soviet Union),5/27/1994,8/11/1999,1,Europe,3,Intrastate ,1327.68,2637.81,10973.65,1994,5
596,Yemen (North Yemen),Government of Yemen (North Yemen),2/21/1994,4/28/1994,2,Middle East,3,Intrastate ,450.91,733.84,3681.69,1994,2
598,Pakistan,Government of Pakistan,2/11/1990,2/11/1990,3,Asia,3,Intrastate ,333.62,428.8,2648.2,1990,2
599,Pakistan,Government of Pakistan,2/11/1990,5/3/1994,3,Asia,3,Intrastate ,447.82,732.86,3669.5,1990,2
600,Pakistan,Government of Pakistan,2/11/1990,5/3/1994,3,Asia,3,Intrastate ,447.82,732.86,3669.5,1990,2
601,Pakistan,Government of Pakistan,2/11/1990,5/3/1994,3,Asia,3,Intrastate ,447.82,732.86,3669.5,1990,2
602,Pakistan,Government of Pakistan,2/11/1990,7/15/2007,3,Asia,3,Intrastate ,1552.5,2707,13907.25,1990,2
603,Pakistan,Government of Pakistan,2/11/1990,7/15/2007,3,Asia,3,Intrastate ,1552.5,2707,13907.25,1990,2
604,Pakistan,Government of Pakistan,2/11/1990,7/15/2007,3,Asia,3,Intrastate ,1552.5,2707,13907.25,1990,2
605,Pakistan,Government of Pakistan,2/11/1990,7/15/2007,3,Asia,3,Intrastate ,1552.5,2707,13907.25,1990,2
606,Pakistan,Government of Pakistan,2/11/1990,7/15/2007,3,Asia,3,Intrastate ,1552.5,2707,13907.25,1990,2
607,Pakistan,Government of Pakistan,2/11/1990,7/15/2007,3,Asia,3,Intrastate ,1552.5,2707,13907.25,1990,2
608,Pakistan,Government of Pakistan,2/11/1990,7/15/2007,3,Asia,3,Intrastate ,1552.5,2707,13907.25,1990,2
609,Pakistan,Government of Pakistan,2/11/1990,7/15/2007,3,Asia,3,Intrastate ,1552.5,2707,13907.25,1990,2
614,Pakistan,Government of Pakistan,2/11/1990,7/15/2007,3,Asia,3,Intrastate ,1552.5,2707,13907.25,1990,2
615,Pakistan,Government of Pakistan,2/11/1990,7/15/2007,3,Asia,3,Intrastate ,1552.5,2707,13907.25,1990,2
617,Niger,Government of Niger,3/23/1995,7/10/1995,4,Africa,3,Intrastate ,556.37,969.76,4702.73,1995,3
618,Comoros,Government of Comoros,9/3/1997,9/5/1997,4,Africa,3,Intrastate ,929.05,1635.77,7822.41,1997,9
619,Congo,Government of Congo,11/3/1993,11/11/1993,4,Africa,3,Intrastate ,465.39,779.32,3684.51,1993,11
624,Congo,Government of Congo,11/3/1993,4/5/2016,4,Africa,3,Intrastate ,2047.6,4850.69,17576.96,1993,11
632,Serbia (Yugoslavia),Government of Serbia (Yugoslavia),4/22/1996,3/6/1998,1,Europe,3,Intrastate ,1055.69,1753.49,8569.39,1996,4
634,Russia (Soviet Union),Government of Russia (Soviet Union),8/29/1999,9/2/1999,1,Europe,3,Intrastate ,1357.24,2843.11,11078.45,1999,8
635,Uzbekistan,Government of Uzbekistan,2/16/1999,3/30/1999,3,Asia,3,Intrastate ,1293.72,2493.37,9832.51,1999,2
637,Uzbekistan,Government of Uzbekistan,2/16/1999,3/30/2004,3,Asia,3,Intrastate ,1141.81,2057.17,10470.59,1999,2
639,Central African Republic,Government of Central African Republic,5/27/2001,6/1/2001,4,Africa,3,Intrastate ,1260.67,2149.44,10990.41,2001,5
641,Central African Republic,Government of Central African Republic,5/27/2001,11/26/2009,4,Africa,3,Intrastate ,1091.49,2138.44,10309.92,2001,5
642,Central African Republic,Government of Central African Republic,5/27/2001,11/26/2009,4,Africa,3,Intrastate ,1091.49,2138.44,10309.92,2001,5
643,Central African Republic,Government of Central African Republic,5/27/2001,11/26/2009,4,Africa,3,Intrastate ,1091.49,2138.44,10309.92,2001,5
646,Central African Republic,Government of Central African Republic,5/27/2001,5/17/2018,4,Africa,3,Intrastate ,2446.3,6301.8857,21865.37,2001,5
647,Central African Republic,Government of Central African Republic,5/27/2001,5/17/2018,4,Africa,3,Intrastate ,2446.3,6301.8857,21865.37,2001,5
649,North Macedonia,Government of North Macedonia,1/11/2000,5/3/2001,1,Europe,3,Intrastate ,1266.61,2191.53,10951.24,2000,1
666,Ivory Coast,Government of Ivory Coast,9/19/2002,9/20/2002,4,Africa,3,Intrastate ,845.39,1221.09,7986.02,2002,9
667,Ivory Coast,Government of Ivory Coast,9/19/2002,9/20/2002,4,Africa,3,Intrastate ,845.39,1221.09,7986.02,2002,9
668,Ivory Coast,Government of Ivory Coast,9/19/2002,9/20/2002,4,Africa,3,Intrastate ,845.39,1221.09,7986.02,2002,9
669,Ivory Coast,Government of Ivory Coast,9/19/2002,2/25/2011,4,Africa,3,Intrastate ,1319.88,2781.05,12130.45,2002,9
670,India,Government of India,2/16/1989,3/16/1989,3,Asia,3,Intrastate ,292.69,402.2,2292.14,1989,2
671,India,Government of India,2/16/1989,3/16/1989,3,Asia,3,Intrastate ,292.69,402.2,2292.14,1989,2
672,India,Government of India,2/16/1989,7/23/1994,3,Asia,3,Intrastate ,453.11,716.68,3735.04,1989,2
673,India,Government of India,2/16/1989,10/28/1996,3,Asia,3,Intrastate ,700.92,1222.6,6007.02,1989,2
674,India,Government of India,2/16/1989,10/28/1996,3,Asia,3,Intrastate ,700.92,1222.6,6007.02,1989,2
675,India,Government of India,2/16/1989,10/28/1996,3,Asia,3,Intrastate ,700.92,1222.6,6007.02,1989,2
676,India,Government of India,2/16/1989,10/28/1996,3,Asia,3,Intrastate ,700.92,1222.6,6007.02,1989,2
677,India,Government of India,2/16/1989,8/4/2001,3,Asia,3,Intrastate ,1214.35,2066.33,10512.78,1989,2
678,India,Government of India,2/16/1989,8/4/2001,3,Asia,3,Intrastate ,1214.35,2066.33,10512.78,1989,2
679,India,Government of India,2/16/1989,8/4/2001,3,Asia,3,Intrastate ,1214.35,2066.33,10512.78,1989,2
680,India,Government of India,2/16/1989,8/4/2001,3,Asia,3,Intrastate ,1214.35,2066.33,10512.78,1989,2
681,India,Government of India,2/16/1989,6/11/2009,3,Asia,3,Intrastate ,946.21,1858.8,8799.26,1989,2
682,India,Government of India,2/16/1989,6/11/2009,3,Asia,3,Intrastate ,946.21,1858.8,8799.26,1989,2
683,India,Government of India,2/16/1989,12/11/2013,3,Asia,3,Intrastate ,1775.32,4000.98,15755.36,1989,2
684,India,Government of India,2/16/1989,12/11/2013,3,Asia,3,Intrastate ,1775.32,4000.98,15755.36,1989,2
685,Myanmar (Burma),Government of Myanmar (Burma),3/16/1997,3/16/1997,3,Asia,3,Intrastate ,793.17,1292.97,6935.46,1997,3
686,Nigeria,Government of Nigeria,12/22/2003,1/6/2004,4,Africa,3,Intrastate ,1121.86,2086.92,10458.89,2003,12
687,Nigeria,Government of Nigeria,6/4/2004,6/4/2004,4,Africa,3,Intrastate ,1122.5,1978.62,10242.82,2004,6
688,Israel,Government of Israel,9/30/1986,7/10/1990,2,Middle East,3,Intrastate ,367.31,468.4,2980.2,1986,9
689,Israel,Government of Israel,9/30/1986,7/10/1990,2,Middle East,3,Intrastate ,367.31,468.4,2980.2,1986,9
690,Israel,Government of Israel,9/30/1986,7/10/1990,2,Middle East,3,Intrastate ,367.31,468.4,2980.2,1986,9
691,Israel,Government of Israel,9/30/1986,7/10/1990,2,Middle East,3,Intrastate ,367.31,468.4,2980.2,1986,9
692,Israel,Government of Israel,9/30/1986,7/10/1990,2,Middle East,3,Intrastate ,367.31,468.4,2980.2,1986,9
693,Israel,Government of Israel,9/30/1986,7/10/1990,2,Middle East,3,Intrastate ,367.31,468.4,2980.2,1986,9
694,Israel,Government of Israel,9/30/1986,7/10/1990,2,Middle East,3,Intrastate ,367.31,468.4,2980.2,1986,9
695,Israel,Government of Israel,9/30/1986,7/10/1990,2,Middle East,3,Intrastate ,367.31,468.4,2980.2,1986,9
696,Israel,Government of Israel,9/30/1986,7/10/1990,2,Middle East,3,Intrastate ,367.31,468.4,2980.2,1986,9
697,Israel,Government of Israel,9/30/1986,7/10/1990,2,Middle East,3,Intrastate ,367.31,468.4,2980.2,1986,9
698,Israel,Government of Israel,9/30/1986,7/13/2006,2,Middle East,3,Intrastate ,1236.2,2037.35,10739.35,1986,9
699,DR Congo (Zaire),Government of DR Congo (Zaire),7/2/1998,2/1/2007,4,Africa,3,Intrastate ,1448.39,2475.88,12653.49,1998,7
700,DR Congo (Zaire),Government of DR Congo (Zaire),7/2/1998,2/1/2007,4,Africa,3,Intrastate ,1448.39,2475.88,12653.49,1998,7
701,Niger,Government of Niger,10/25/1991,12/31/1991,4,Africa,3,Intrastate ,419.34,592.65,3201.48,1991,10
702,Niger,Government of Niger,10/25/1991,12/31/1991,4,Africa,3,Intrastate ,419.34,592.65,3201.48,1991,10
703,Niger,Government of Niger,10/25/1991,10/19/1997,4,Africa,3,Intrastate ,944.16,1666.85,7847.03,1991,10
704,Niger,Government of Niger,10/25/1991,4/30/2007,4,Africa,3,Intrastate ,1494.07,2557.21,13120.94,1991,10
705,Niger,Government of Niger,10/25/1991,4/30/2007,4,Africa,3,Intrastate ,1494.07,2557.21,13120.94,1991,10
706,Russia (Soviet Union),Government of Russia (Soviet Union),10/7/2007,11/28/2007,1,Europe,3,Intrastate ,1481.14,2660.96,13371.72,2007,10
707,Russia (Soviet Union),Government of Russia (Soviet Union),10/7/2007,11/28/2007,1,Europe,3,Intrastate ,1481.14,2660.96,13371.72,2007,10
708,Russia (Soviet Union),Government of Russia (Soviet Union),10/7/2007,11/28/2007,1,Europe,3,Intrastate ,1481.14,2660.96,13371.72,2007,10
709,Russia (Soviet Union),Government of Russia (Soviet Union),10/7/2007,11/28/2007,1,Europe,3,Intrastate ,1481.14,2660.96,13371.72,2007,10
710,Russia (Soviet Union),Government of Russia (Soviet Union),10/7/2007,11/28/2007,1,Europe,3,Intrastate ,1481.14,2660.96,13371.72,2007,10
711,Russia (Soviet Union),Government of Russia (Soviet Union),10/7/2007,11/28/2007,1,Europe,3,Intrastate ,1481.14,2660.96,13371.72,2007,10
712,Russia (Soviet Union),Government of Russia (Soviet Union),10/7/2007,11/28/2007,1,Europe,3,Intrastate ,1481.14,2660.96,13371.72,2007,10
713,Russia (Soviet Union),Government of Russia (Soviet Union),10/7/2007,11/28/2007,1,Europe,3,Intrastate ,1481.14,2660.96,13371.72,2007,10
714,Russia (Soviet Union),Government of Russia (Soviet Union),10/7/2007,11/28/2007,1,Europe,3,Intrastate ,1481.14,2660.96,13371.72,2007,10
715,India,Government of India,6/20/2000,12/22/2008,3,Asia,3,Intrastate ,887.88,1564.32,8579.11,2000,6
716,Ethiopia,Government of Ethiopia,12/31/1977,12/31/1977,4,Africa,3,Intrastate ,95.1,105.05,831.17,1977,12
717,Ethiopia,Government of Ethiopia,12/31/1977,12/31/1977,4,Africa,3,Intrastate ,95.1,105.05,831.17,1977,12
718,Ethiopia,Government of Ethiopia,12/31/1977,12/31/1977,4,Africa,3,Intrastate ,95.1,105.05,831.17,1977,12
720,Ethiopia,Government of Ethiopia,3/21/1981,3/21/1981,4,Africa,3,Intrastate ,134.08,206.29,992.8,1981,3
721,Ethiopia,Government of Ethiopia,3/21/1981,3/16/1983,4,Africa,3,Intrastate ,149.9,265.01,1117.74,1981,3
722,Myanmar (Burma),Government of Myanmar (Burma),8/27/2009,8/29/2009,3,Asia,3,Intrastate ,1028.93,2028.77,9544.2,2009,8
723,Myanmar (Burma),Government of Myanmar (Burma),8/27/2009,12/22/2014,3,Asia,3,Intrastate ,2070.65,4765.38,17804.8,2009,8
724,Myanmar (Burma),Government of Myanmar (Burma),8/27/2009,12/22/2014,3,Asia,3,Intrastate ,2070.65,4765.38,17804.8,2009,8
725,Myanmar (Burma),Government of Myanmar (Burma),8/27/2009,3/6/2017,3,Asia,3,Intrastate ,2383.12,5870.75,21005.71,2009,8
